Workbook

Sheet General
E4: UNIDAD | K4: LOTE
B5: CARACTERISTICAS | E5: COSTO $ | F5: INCREMENTO COSTO | G5: VENTA $ | H5: VENTA BS | I5: VENTA USDT | K5: COSTO $ | L5: VENTA $ | M5: VENTA BS
B6: POTENCIA Y CONTROL
A7: RIN | B7: N18 DE PALETA TRASERO HORSE CLASE AAA | E7: 49 | G7: =((Fórmulas!C$6/Fórmulas!D$6)/Fórmulas!E$6)*E7 -> 120 | H7: =G7*Fórmulas!B$9 -> 42000 | I7: =E7/0.6 -> 81.666667 | K7: 1 | L7: =((Fórmulas!C$6/Fórmulas!D$6)/0.7)*K7 -> 2.4489796 | M7: =L7*Fórmulas!D$6 -> 857.14286
A8: RIN | B8: N18 DE PALETA TRASERO BERA ORIGINAL | E8: 0 | G8: =((Fórmulas!C$6/Fórmulas!D$6)/Fórmulas!E$6)*E8 -> 0 | H8: =G8*Fórmulas!B$9 -> 0 | I8: =E8/0.6 -> 0 | K8: 1 | L8: =((Fórmulas!C$6/Fórmulas!D$6)/0.7)*K8 -> 2.4489796 | M8: =L8*Fórmulas!D$6 -> 857.14286
A9: RIN | B9: N18 DE PALETA TRASERO HORSE CLASE C | E9: 43.5 | G9: =((Fórmulas!C$6/Fórmulas!D$6)/Fórmulas!E$6)*E9 -> 106.53061 | H9: =G9*Fórmulas!B$9 -> 37285.714 | I9: =E9/0.6 -> 72.5 | K9: 1 | L9: =((Fórmulas!C$6/Fórmulas!D$6)/0.7)*K9 -> 2.4489796 | M9: =L9*Fórmulas!D$6 -> 857.14286
A10: RIN | B10: N18 DE PALETA TRASERO BERA CLASE C | E10: 43.5 | G10: =((Fórmulas!C$6/Fórmulas!D$6)/Fórmulas!E$6)*E10 -> 106.53061 | H10: =G10*Fórmulas!B$9 -> 37285.714 | I10: =E10/0.6 -> 72.5 | K10: 1 | L10: =((Fórmulas!C$6/Fórmulas!D$6)/0.7)*K10 -> 2.4489796 | M10: =L10*Fórmulas!D$6 -> 857.14286
A11: RIN | B11: N18 DE PALETA TRASERO MD CLASE C | E11: 43.5 | G11: =((Fórmulas!C$6/Fórmulas!D$6)/Fórmulas!E$6)*E11 -> 106.53061 | H11: =G11*Fórmulas!B$9 -> 37285.714 | I11: =E11/0.6 -> 72.5 | K11: 1 | L11: =((Fórmulas!C$6/Fórmulas!D$6)/0.7)*K11 -> 2.4489796 | M11: =L11*Fórmulas!D$6 -> 857.14286
A12: RIN | B12: N18 DE PALETA TRASERO NEW HORSE CLASE C | E12: 43.5 | G12: =((Fórmulas!C$6/Fórmulas!D$6)/Fórmulas!E$6)*E12 -> 106.53061 | H12: =G12*Fórmulas!B$9 -> 37285.714 | I12: =E12/0.6 -> 72.5 | K12: 1 | L12: =((Fórmulas!C$6/Fórmulas!D$6)/0.7)*K12 -> 2.4489796 | M12: =L12*Fórmulas!D$6 -> 857.14286
A13: RIN | B13: N18 DE PALETA TRASERO EXPRESS CLASE C | E13: 43.5 | G13: =((Fórmulas!C$6/Fórmulas!D$6)/Fórmulas!E$6)*E13 -> 106.53061 | H13: =G13*Fórmulas!B$9 -> 37285.714 | I13: =E13/0.6 -> 72.5 | K13: 1 | L13: =((Fórmulas!C$6/Fórmulas!D$6)/0.7)*K13 -> 2.4489796 | M13: =L13*Fórmulas!D$6 -> 857.14286
A14: RIN | B14: N18 DE PALETA TRASERO EXPRESS-36 RAYOS | E14: 43.5 | G14: =((Fórmulas!C$6/Fórmulas!D$6)/Fórmulas!E$6)*E14 -> 106.53061 | H14: =G14*Fórmulas!B$9 -> 37285.714 | I14: =E14/0.6 -> 72.5 | K14: 1 | L14: =((Fórmulas!C$6/Fórmulas!D$6)/0.7)*K14 -> 2.4489796 | M14: =L14*Fórmulas!D$6 -> 857.14286
A15: RIN | B15: N18 DE PALETA TRASERO EXPRESS-72 RAYOS PAR FRENO DE BANDA | E15: 111.5 | G15: =((Fórmulas!C$6/Fórmulas!D$6)/Fórmulas!E$6)*E15 -> 273.06122 | H15: =G15*Fórmulas!B$9 -> 95571.429 | I15: =E15/0.6 -> 185.83333 | K15: 1 | L15: =((Fórmulas!C$6/Fórmulas!D$6)/0.7)*K15 -> 2.4489796 | M15: =L15*Fórmulas!D$6 -> 857.14286
A16: RIN | B16: N18 DE PALETA TRASERO EXPRESS-72 RAYOS PAR FRENO DE DISCO | E16: 111.5 | G16: =((Fórmulas!C$6/Fórmulas!D$6)/Fórmulas!E$6)*E16 -> 273.06122 | H16: =G16*Fórmulas!B$9 -> 95571.429 | I16: =E16/0.6 -> 185.83333 | K16: 1 | L16: =((Fórmulas!C$6/Fórmulas!D$6)/0.7)*K16 -> 2.4489796 | M16: =L16*Fórmulas!D$6 -> 857.14286
A17: RIN | B17: N16 DE PALETA TRASERO OWEN CLASE C | E17: 43.5 | G17: =((Fórmulas!C$6/Fórmulas!D$6)/Fórmulas!E$6)*E17 -> 106.53061 | H17: =G17*Fórmulas!B$9 -> 37285.714 | I17: =E17/0.6 -> 72.5 | K17: 1 | L17: =((Fórmulas!C$6/Fórmulas!D$6)/0.7)*K17 -> 2.4489796 | M17: =L17*Fórmulas!D$6 -> 857.14286
A18: RIN | B18: N18 DE PALETA DELANTERO HORSE | E18: 31.5 | G18: =((Fórmulas!C$6/Fórmulas!D$6)/Fórmulas!E$6)*E18 -> 77.142857 | H18: =G18*Fórmulas!B$9 -> 27000 | I18: =E18/0.6 -> 52.5 | K18: 1 | L18: =((Fórmulas!C$6/Fórmulas!D$6)/0.7)*K18 -> 2.4489796 | M18: =L18*Fórmulas!D$6 -> 857.14286
... A24: RIN | B24: PAR DECORATIVO 72 RAYOS TORNEADOS DE EXPRESS CON FRENO DE BANDA | E24: 91.3 | G24: =((Fórmulas!C$6/Fórmulas!D$6)/Fórmulas!E$6)*E24 -> 223.59184 | H24: =G24*Fórmulas!B$9 -> 78257.143 | I24: =E24/0.6 -> 152.16667 | K24: 1 | L24: =((Fórmulas!C$6/Fórmulas!D$6)/0.7)*K24 -> 2.4489796 | M24: =L24*Fórmulas!D$6 -> 857.14286
E25: 0 | G25: =((Fórmulas!C$6/Fórmulas!D$6)/Fórmulas!E$6)*E25 -> 0 | H25: =G25*Fórmulas!B$9 -> 0 | I25: =E25/0.6 -> 0 | K25: 1 | L25: =((Fórmulas!C$6/Fórmulas!D$6)/0.7)*K25 -> 2.4489796 | M25: =L25*Fórmulas!D$6 -> 857.14286
E26: 0 | G26: =((Fórmulas!C$6/Fórmulas!D$6)/Fórmulas!E$6)*E26 -> 0 | H26: =G26*Fórmulas!B$9 -> 0 | I26: =E26/0.6 -> 0 | K26: 1 | L26: =((Fórmulas!C$6/Fórmulas!D$6)/0.7)*K26 -> 2.4489796 | M26: =L26*Fórmulas!D$6 -> 857.14286
E27: 0 | G27: =((Fórmulas!C$6/Fórmulas!D$6)/Fórmulas!E$6)*E27 -> 0 | H27: =G27*Fórmulas!B$9 -> 0 | I27: =E27/0.6 -> 0 | K27: 1 | L27: =((Fórmulas!C$6/Fórmulas!D$6)/0.7)*K27 -> 2.4489796 | M27: =L27*Fórmulas!D$6 -> 857.14286
E28: 0 | G28: =((Fórmulas!C$6/Fórmulas!D$6)/Fórmulas!E$6)*E28 -> 0 | H28: =G28*Fórmulas!B$9 -> 0 | I28: =E28/0.6 -> 0 | K28: 1 | L28: =((Fórmulas!C$6/Fórmulas!D$6)/0.7)*K28 -> 2.4489796 | M28: =L28*Fórmulas!D$6 -> 857.14286
E29: 0 | G29: =((Fórmulas!C$6/Fórmulas!D$6)/Fórmulas!E$6)*E29 -> 0 | H29: =G29*Fórmulas!B$9 -> 0 | I29: =E29/0.6 -> 0 | K29: 1 | L29: =((Fórmulas!C$6/Fórmulas!D$6)/0.7)*K29 -> 2.4489796 | M29: =L29*Fórmulas!D$6 -> 857.14286
E30: 0 | G30: =((Fórmulas!C$6/Fórmulas!D$6)/Fórmulas!E$6)*E30 -> 0 | H30: =G30*Fórmulas!B$9 -> 0 | I30: =E30/0.6 -> 0 | K30: 1 | L30: =((Fórmulas!C$6/Fórmulas!D$6)/0.7)*K30 -> 2.4489796 | M30: =L30*Fórmulas!D$6 -> 857.14286
E31: 0 | G31: =((Fórmulas!C$6/Fórmulas!D$6)/Fórmulas!E$6)*E31 -> 0 | H31: =G31*Fórmulas!B$9 -> 0 | I31: =E31/0.6 -> 0 | K31: 1 | L31: =((Fórmulas!C$6/Fórmulas!D$6)/0.7)*K31 -> 2.4489796 | M31: =L31*Fórmulas!D$6 -> 857.14286
E32: 0 | G32: =((Fórmulas!C$6/Fórmulas!D$6)/Fórmulas!E$6)*E32 -> 0 | H32: =G32*Fórmulas!B$9 -> 0 | I32: =E32/0.6 -> 0 | K32: 1 | L32: =((Fórmulas!C$6/Fórmulas!D$6)/0.7)*K32 -> 2.4489796 | M32: =L32*Fórmulas!D$6 -> 857.14286
A33: RODAJE | B33: CADENA DE ORRIN,PIÑÓN Y CORONA CLASE A DORADO | E33: 14.7 | G33: =((Fórmulas!C$6/Fórmulas!D$6)/Fórmulas!E$6)*E33 -> 36 | H33: =G33*Fórmulas!B$9 -> 12600 | I33: =E33/0.6 -> 24.5 | K33: 1 | L33: =((Fórmulas!C$6/Fórmulas!D$6)/0.7)*K33 -> 2.4489796 | M33: =L33*Fórmulas!D$6 -> 857.14286
A34: RODAJE | B34: CADENA,PIÑÓN Y CORONA CLASE A COLORES(TORNASOL, AZUL, MORADO) | E34: 14 | G34: =((Fórmulas!C$6/Fórmulas!D$6)/Fórmulas!E$6)*E34 -> 34.285714 | H34: =G34*Fórmulas!B$9 -> 12000 | I34: =E34/0.6 -> 23.333333 | K34: 1 | L34: =((Fórmulas!C$6/Fórmulas!D$6)/0.7)*K34 -> 2.4489796 | M34: =L34*Fórmulas!D$6 -> 857.14286
A35: RODAJE | B35: CADENA,PIÑÓN Y CORONA CLASE A DORADO | E35: 10 | G35: =((Fórmulas!C$6/Fórmulas!D$6)/Fórmulas!E$6)*E35 -> 24.489796 | H35: =G35*Fórmulas!B$9 -> 8571.4286 | I35: =E35/0.6 -> 16.666667 | K35: 1 | L35: =((Fórmulas!C$6/Fórmulas!D$6)/0.7)*K35 -> 2.4489796 | M35: =L35*Fórmulas!D$6 -> 857.14286
A36: RODAJE | B36: CADENA,PIÑÓN Y CORONA REFORZADO NEGRO | E36: 8 | G36: =((Fórmulas!C$6/Fórmulas!D$6)/Fórmulas!E$6)*E36 -> 19.591837 | H36: =G36*Fórmulas!B$9 -> 6857.1429 | I36: =E36/0.6 -> 13.333333 | K36: 1 | L36: =((Fórmulas!C$6/Fórmulas!D$6)/0.7)*K36 -> 2.4489796 | M36: =L36*Fórmulas!D$6 -> 857.14286
A37: RODAJE | B37: CADENA,PIÑÓN Y CORONA REFORZADO CROMADO CLASE C | E37: 7 | G37: =((Fórmulas!C$6/Fórmulas!D$6)/Fórmulas!E$6)*E37 -> 17.142857 | H37: =G37*Fórmulas!B$9 -> 6000 | I37: =E37/0.6 -> 11.666667 | K37: 1 | L37: =((Fórmulas!C$6/Fórmulas!D$6)/0.7)*K37 -> 2.4489796 | M37: =L37*Fórmulas!D$6 -> 857.14286
A38: RODAJE | B38: CADENA, PIÑÓN Y CORONA ALDRICH CLASE A | E38: 13 | G38: =((Fórmulas!C$6/Fórmulas!D$6)/Fórmulas!E$6)*E38 -> 31.836735 | H38: =G38*Fórmulas!B$9 -> 11142.857 | I38: =E38/0.6 -> 21.666667 | K38: 1 | L38: =((Fórmulas!C$6/Fórmulas!D$6)/0.7)*K38 -> 2.4489796 | M38: =L38*Fórmulas!D$6 -> 857.14286
A39: RODAJE | B39: CADENA, PIÑÓN Y CORONA MD LECHUZA ORIGINAL 2025 | E39: 17 | G39: =((Fórmulas!C$6/Fórmulas!D$6)/Fórmulas!E$6)*E39 -> 41.632653 | H39: =G39*Fórmulas!B$9 -> 14571.429 | I39: =E39/0.6 -> 28.333333 | K39: 1 | L39: =((Fórmulas!C$6/Fórmulas!D$6)/0.7)*K39 -> 2.4489796 | M39: =L39*Fórmulas!D$6 -> 857.14286
A40: RODAJE | B40: CADENA,PIÑÓN Y CORONA 520 COMPATIBLE MD LECHUZA, TX, DT BERA | E40: 25 | G40: =((Fórmulas!C$6/Fórmulas!D$6)/Fórmulas!E$6)*E40 -> 61.22449 | H40: =G40*Fórmulas!B$9 -> 21428.571 | I40: =E40/0.6 -> 41.666667 | K40: 1 | L40: =((Fórmulas!C$6/Fórmulas!D$6)/0.7)*K40 -> 2.4489796 | M40: =L40*Fórmulas!D$6 -> 857.14286
A41: CADENA | B41: 525 ORRIN DORADA | E41: 22 | G41: =((Fórmulas!C$6/Fórmulas!D$6)/Fórmulas!E$6)*E41 -> 53.877551 | H41: =G41*Fórmulas!B$9 -> 18857.143 | I41: =E41/0.6 -> 36.666667 | K41: 1 | L41: =((Fórmulas!C$6/Fórmulas!D$6)/0.7)*K41 -> 2.4489796 | M41: =L41*Fórmulas!D$6 -> 857.14286
A42: CADENA | B42: 525 DORADA REFORZADA | E42: 13 | G42: =((Fórmulas!C$6/Fórmulas!D$6)/Fórmulas!E$6)*E42 -> 31.836735 | H42: =G42*Fórmulas!B$9 -> 11142.857 | I42: =E42/0.6 -> 21.666667 | K42: 1 | L42: =((Fórmulas!C$6/Fórmulas!D$6)/0.7)*K42 -> 2.4489796 | M42: =L42*Fórmulas!D$6 -> 857.14286
A43: CADENA | B43: 428 ECONÓMICA REFORZADA | E43: 4.8 | G43: =((Fórmulas!C$6/Fórmulas!D$6)/Fórmulas!E$6)*E43 -> 11.755102 | H43: =G43*Fórmulas!B$9 -> 4114.2857 | I43: =E43/0.6 -> 8 | K43: 1 | L43: =((Fórmulas!C$6/Fórmulas!D$6)/0.7)*K43 -> 2.4489796 | M43: =L43*Fórmulas!D$6 -> 857.14286
A44: CADENA | B44: 428 NEGRA REFORZADA | E44: 6 | G44: =((Fórmulas!C$6/Fórmulas!D$6)/Fórmulas!E$6)*E44 -> 14.693878 | H44: =G44*Fórmulas!B$9 -> 5142.8571 | I44: =E44/0.6 -> 10 | K44: 1 | L44: =((Fórmulas!C$6/Fórmulas!D$6)/0.7)*K44 -> 2.4489796 | M44: =L44*Fórmulas!D$6 -> 857.14286
... A46: CADENA | B46: 428 ORRIN SÚPERREFORZADA | E46: 12 | G46: =((Fórmulas!C$6/Fórmulas!D$6)/Fórmulas!E$6)*E46 -> 29.387755 | H46: =G46*Fórmulas!B$9 -> 10285.714 | I46: =E46/0.6 -> 20 | K46: 1 | L46: =((Fórmulas!C$6/Fórmulas!D$6)/0.7)*K46 -> 2.4489796 | M46: =L46*Fórmulas!D$6 -> 857.14286
E47: 0 | G47: =((Fórmulas!C$6/Fórmulas!D$6)/Fórmulas!E$6)*E47 -> 0 | H47: =G47*Fórmulas!B$9 -> 0 | I47: =E47/0.6 -> 0 | K47: 1 | L47: =((Fórmulas!C$6/Fórmulas!D$6)/0.7)*K47 -> 2.4489796 | M47: =L47*Fórmulas!D$6 -> 857.14286
E48: 0 | G48: =((Fórmulas!C$6/Fórmulas!D$6)/Fórmulas!E$6)*E48 -> 0 | H48: =G48*Fórmulas!B$9 -> 0 | I48: =E48/0.6 -> 0 | K48: 1 | L48: =((Fórmulas!C$6/Fórmulas!D$6)/0.7)*K48 -> 2.4489796 | M48: =L48*Fórmulas!D$6 -> 857.14286
E49: 0 | G49: =((Fórmulas!C$6/Fórmulas!D$6)/Fórmulas!E$6)*E49 -> 0 | H49: =G49*Fórmulas!B$9 -> 0 | I49: =E49/0.6 -> 0 | K49: 1 | L49: =((Fórmulas!C$6/Fórmulas!D$6)/0.7)*K49 -> 2.4489796 | M49: =L49*Fórmulas!D$6 -> 857.14286
E50: 0 | G50: =((Fórmulas!C$6/Fórmulas!D$6)/Fórmulas!E$6)*E50 -> 0 | H50: =G50*Fórmulas!B$9 -> 0 | I50: =E50/0.6 -> 0 | K50: 1 | L50: =((Fórmulas!C$6/Fórmulas!D$6)/0.7)*K50 -> 2.4489796 | M50: =L50*Fórmulas!D$6 -> 857.14286
A51: CORONA | B51: 520 43T | E51: 7.5 | G51: =((Fórmulas!C$6/Fórmulas!D$6)/Fórmulas!E$6)*E51 -> 18.367347 | H51: =G51*Fórmulas!B$9 -> 6428.5714 | I51: =E51/0.6 -> 12.5 | K51: 1 | L51: =((Fórmulas!C$6/Fórmulas!D$6)/0.7)*K51 -> 2.4489796 | M51: =L51*Fórmulas!D$6 -> 857.14286
A52: CORONA | B52: 428 52T YIDO DORADA | E52: 7.5 | G52: =((Fórmulas!C$6/Fórmulas!D$6)/Fórmulas!E$6)*E52 -> 18.367347 | H52: =G52*Fórmulas!B$9 -> 6428.5714 | I52: =E52/0.6 -> 12.5 | K52: 1 | L52: =((Fórmulas!C$6/Fórmulas!D$6)/0.7)*K52 -> 2.4489796 | M52: =L52*Fórmulas!D$6 -> 857.14286
E53: 0 | G53: =((Fórmulas!C$6/Fórmulas!D$6)/Fórmulas!E$6)*E53 -> 0 | H53: =G53*Fórmulas!B$9 -> 0 | I53: =E53/0.6 -> 0 | K53: 1 | L53: =((Fórmulas!C$6/Fórmulas!D$6)/0.7)*K53 -> 2.4489796 | M53: =L53*Fórmulas!D$6 -> 857.14286
E54: 0 | G54: =((Fórmulas!C$6/Fórmulas!D$6)/Fórmulas!E$6)*E54 -> 0 | H54: =G54*Fórmulas!B$9 -> 0 | I54: =E54/0.6 -> 0 | K54: 1 | L54: =((Fórmulas!C$6/Fórmulas!D$6)/0.7)*K54 -> 2.4489796 | M54: =L54*Fórmulas!D$6 -> 857.14286
E55: 0 | G55: =((Fórmulas!C$6/Fórmulas!D$6)/Fórmulas!E$6)*E55 -> 0 | H55: =G55*Fórmulas!B$9 -> 0 | I55: =E55/0.6 -> 0 | K55: 1 | L55: =((Fórmulas!C$6/Fórmulas!D$6)/0.7)*K55 -> 2.4489796 | M55: =L55*Fórmulas!D$6 -> 857.14286
E56: 0 | G56: =((Fórmulas!C$6/Fórmulas!D$6)/Fórmulas!E$6)*E56 -> 0 | H56: =G56*Fórmulas!B$9 -> 0 | I56: =E56/0.6 -> 0 | K56: 1 | L56: =((Fórmulas!C$6/Fórmulas!D$6)/0.7)*K56 -> 2.4489796 | M56: =L56*Fórmulas!D$6 -> 857.14286
A57: PORTACORONA | B57: DE HORSE I, II | E57: 5.4 | G57: =((Fórmulas!C$6/Fórmulas!D$6)/Fórmulas!E$6)*E57 -> 13.22449 | H57: =G57*Fórmulas!B$9 -> 4628.5714 | I57: =E57/0.6 -> 9 | K57: 1 | L57: =((Fórmulas!C$6/Fórmulas!D$6)/0.7)*K57 -> 2.4489796 | M57: =L57*Fórmulas!D$6 -> 857.14286
A58: PORTACORONA | B58: DE BERA, OWEN, GN | E58: 5.4 | G58: =((Fórmulas!C$6/Fórmulas!D$6)/Fórmulas!E$6)*E58 -> 13.22449 | H58: =G58*Fórmulas!B$9 -> 4628.5714 | I58: =E58/0.6 -> 9 | K58: 1 | L58: =((Fórmulas!C$6/Fórmulas!D$6)/0.7)*K58 -> 2.4489796 | M58: =L58*Fórmulas!D$6 -> 857.14286
A59: PORTACORONA | B59: DE ARSEN II | E59: 5.4 | G59: =((Fórmulas!C$6/Fórmulas!D$6)/Fórmulas!E$6)*E59 -> 13.22449 | H59: =G59*Fórmulas!B$9 -> 4628.5714 | I59: =E59/0.6 -> 9 | K59: 1 | L59: =((Fórmulas!C$6/Fórmulas!D$6)/0.7)*K59 -> 2.4489796 | M59: =L59*Fórmulas!D$6 -> 857.14286
A60: PORTACORONA | B60: DE TX | E60: 6.2 | G60: =((Fórmulas!C$6/Fórmulas!D$6)/Fórmulas!E$6)*E60 -> 15.183673 | H60: =G60*Fórmulas!B$9 -> 5314.2857 | I60: =E60/0.6 -> 10.333333 | K60: 1 | L60: =((Fórmulas!C$6/Fórmulas!D$6)/0.7)*K60 -> 2.4489796 | M60: =L60*Fórmulas!D$6 -> 857.14286
A61: PORTACORONA | B61: DE MD, EK EXPRESS | E61: 5.4 | G61: =((Fórmulas!C$6/Fórmulas!D$6)/Fórmulas!E$6)*E61 -> 13.22449 | H61: =G61*Fórmulas!B$9 -> 4628.5714 | I61: =E61/0.6 -> 9 | K61: 1 | L61: =((Fórmulas!C$6/Fórmulas!D$6)/0.7)*K61 -> 2.4489796 | M61: =L61*Fórmulas!D$6 -> 857.14286
A62: PORTACORONA | B62: DE R1 BERA | E62: 6.2 | G62: =((Fórmulas!C$6/Fórmulas!D$6)/Fórmulas!E$6)*E62 -> 15.183673 | H62: =G62*Fórmulas!B$9 -> 5314.2857 | I62: =E62/0.6 -> 10.333333 | K62: 1 | L62: =((Fórmulas!C$6/Fórmulas!D$6)/0.7)*K62 -> 2.4489796 | M62: =L62*Fórmulas!D$6 -> 857.14286
E63: 0 | G63: =((Fórmulas!C$6/Fórmulas!D$6)/Fórmulas!E$6)*E63 -> 0 | H63: =G63*Fórmulas!B$9 -> 0 | I63: =E63/0.6 -> 0 | K63: 1 | L63: =((Fórmulas!C$6/Fórmulas!D$6)/0.7)*K63 -> 2.4489796 | M63: =L63*Fórmulas!D$6 -> 857.14286
E64: 0 | G64: =((Fórmulas!C$6/Fórmulas!D$6)/Fórmulas!E$6)*E64 -> 0 | H64: =G64*Fórmulas!B$9 -> 0 | I64: =E64/0.6 -> 0 | K64: 1 | L64: =((Fórmulas!C$6/Fórmulas!D$6)/0.7)*K64 -> 2.4489796 | M64: =L64*Fórmulas!D$6 -> 857.14286
E65: 0 | G65: =((Fórmulas!C$6/Fórmulas!D$6)/Fórmulas!E$6)*E65 -> 0 | H65: =G65*Fórmulas!B$9 -> 0 | I65: =E65/0.6 -> 0 | K65: 1 | L65: =((Fórmulas!C$6/Fórmulas!D$6)/0.7)*K65 -> 2.4489796 | M65: =L65*Fórmulas!D$6 -> 857.14286
E66: 0 | G66: =((Fórmulas!C$6/Fórmulas!D$6)/Fórmulas!E$6)*E66 -> 0 | H66: =G66*Fórmulas!B$9 -> 0 | I66: =E66/0.6 -> 0 | K66: 1 | L66: =((Fórmulas!C$6/Fórmulas!D$6)/0.7)*K66 -> 2.4489796 | M66: =L66*Fórmulas!D$6 -> 857.14286
E67: 0 | G67: =((Fórmulas!C$6/Fórmulas!D$6)/Fórmulas!E$6)*E67 -> 0 | H67: =G67*Fórmulas!B$9 -> 0 | I67: =E67/0.6 -> 0 | K67: 1 | L67: =((Fórmulas!C$6/Fórmulas!D$6)/0.7)*K67 -> 2.4489796 | M67: =L67*Fórmulas!D$6 -> 857.14286
E68: 0 | G68: =((Fórmulas!C$6/Fórmulas!D$6)/Fórmulas!E$6)*E68 -> 0 | H68: =G68*Fórmulas!B$9 -> 0 | I68: =E68/0.6 -> 0 | K68: 1 | L68: =((Fórmulas!C$6/Fórmulas!D$6)/0.7)*K68 -> 2.4489796 | M68: =L68*Fórmulas!D$6 -> 857.14286
A69: PATA DE FRENO | B69: HORSE, BERA, EXPRESS TORNASOL | E69: 5.35 | G69: =((Fórmulas!C$6/Fórmulas!D$6)/Fórmulas!E$6)*E69 -> 13.102041 | H69: =G69*Fórmulas!B$9 -> 4585.7143 | I69: =E69/0.6 -> 8.9166667 | K69: 1 | L69: =((Fórmulas!C$6/Fórmulas!D$6)/0.7)*K69 -> 2.4489796 | M69: =L69*Fórmulas!D$6 -> 857.14286
E70: 0 | G70: =((Fórmulas!C$6/Fórmulas!D$6)/Fórmulas!E$6)*E70 -> 0 | H70: =G70*Fórmulas!B$9 -> 0 | I70: =E70/0.6 -> 0 | K70: 1 | L70: =((Fórmulas!C$6/Fórmulas!D$6)/0.7)*K70 -> 2.4489796 | M70: =L70*Fórmulas!D$6 -> 857.14286
E71: 0 | G71: =((Fórmulas!C$6/Fórmulas!D$6)/Fórmulas!E$6)*E71 -> 0 | H71: =G71*Fórmulas!B$9 -> 0 | I71: =E71/0.6 -> 0 | K71: 1 | L71: =((Fórmulas!C$6/Fórmulas!D$6)/0.7)*K71 -> 2.4489796 | M71: =L71*Fórmulas!D$6 -> 857.14286
E72: 0 | G72: =((Fórmulas!C$6/Fórmulas!D$6)/Fórmulas!E$6)*E72 -> 0 | H72: =G72*Fórmulas!B$9 -> 0 | I72: =E72/0.6 -> 0 | K72: 1 | L72: =((Fórmulas!C$6/Fórmulas!D$6)/0.7)*K72 -> 2.4489796 | M72: =L72*Fórmulas!D$6 -> 857.14286
E73: 0 | G73: =((Fórmulas!C$6/Fórmulas!D$6)/Fórmulas!E$6)*E73 -> 0 | H73: =G73*Fórmulas!B$9 -> 0 | I73: =E73/0.6 -> 0 | K73: 1 | L73: =((Fórmulas!C$6/Fórmulas!D$6)/0.7)*K73 -> 2.4489796 | M73: =L73*Fórmulas!D$6 -> 857.14286
A74: PORTABANDA | B74: DE HORSE I, II | E74: 8.2 | G74: =((Fórmulas!C$6/Fórmulas!D$6)/Fórmulas!E$6)*E74 -> 20.081633 | H74: =G74*Fórmulas!B$9 -> 7028.5714 | I74: =E74/0.6 -> 13.666667 | K74: 1 | L74: =((Fórmulas!C$6/Fórmulas!D$6)/0.7)*K74 -> 2.4489796 | M74: =L74*Fórmulas!D$6 -> 857.14286
A75: PORTABANDA | B75: DE NEW HORSE, ARSEN II | E75: 8.2 | G75: =((Fórmulas!C$6/Fórmulas!D$6)/Fórmulas!E$6)*E75 -> 20.081633 | H75: =G75*Fórmulas!B$9 -> 7028.5714 | I75: =E75/0.6 -> 13.666667 | K75: 1 | L75: =((Fórmulas!C$6/Fórmulas!D$6)/0.7)*K75 -> 2.4489796 | M75: =L75*Fórmulas!D$6 -> 857.14286
A76: PORTABANDA | B76: DE OWEN Y BERA | E76: 8.2 | G76: =((Fórmulas!C$6/Fórmulas!D$6)/Fórmulas!E$6)*E76 -> 20.081633 | H76: =G76*Fórmulas!B$9 -> 7028.5714 | I76: =E76/0.6 -> 13.666667 | K76: 1 | L76: =((Fórmulas!C$6/Fórmulas!D$6)/0.7)*K76 -> 2.4489796 | M76: =L76*Fórmulas!D$6 -> 857.14286
A77: PORTABANDA | B77: DE EK EXPRESS, JAGUAR | E77: 8.2 | G77: =((Fórmulas!C$6/Fórmulas!D$6)/Fórmulas!E$6)*E77 -> 20.081633 | H77: =G77*Fórmulas!B$9 -> 7028.5714 | I77: =E77/0.6 -> 13.666667 | K77: 1 | L77: =((Fórmulas!C$6/Fórmulas!D$6)/0.7)*K77 -> 2.4489796 | M77: =L77*Fórmulas!D$6 -> 857.14286
E78: 0 | G78: =((Fórmulas!C$6/Fórmulas!D$6)/Fórmulas!E$6)*E78 -> 0 | H78: =G78*Fórmulas!B$9 -> 0 | I78: =E78/0.6 -> 0 | K78: 1 | L78: =((Fórmulas!C$6/Fórmulas!D$6)/0.7)*K78 -> 2.4489796 | M78: =L78*Fórmulas!D$6 -> 857.14286
E79: 0 | G79: =((Fórmulas!C$6/Fórmulas!D$6)/Fórmulas!E$6)*E79 -> 0 | H79: =G79*Fórmulas!B$9 -> 0 | I79: =E79/0.6 -> 0 | K79: 1 | L79: =((Fórmulas!C$6/Fórmulas!D$6)/0.7)*K79 -> 2.4489796 | M79: =L79*Fórmulas!D$6 -> 857.14286
E80: 0 | G80: =((Fórmulas!C$6/Fórmulas!D$6)/Fórmulas!E$6)*E80 -> 0 | H80: =G80*Fórmulas!B$9 -> 0 | I80: =E80/0.6 -> 0 | K80: 1 | L80: =((Fórmulas!C$6/Fórmulas!D$6)/0.7)*K80 -> 2.4489796 | M80: =L80*Fórmulas!D$6 -> 857.14286
E81: 0 | G81: =((Fórmulas!C$6/Fórmulas!D$6)/Fórmulas!E$6)*E81 -> 0 | H81: =G81*Fórmulas!B$9 -> 0 | I81: =E81/0.6 -> 0 | K81: 1 | L81: =((Fórmulas!C$6/Fórmulas!D$6)/0.7)*K81 -> 2.4489796 | M81: =L81*Fórmulas!D$6 -> 857.14286
E82: 0 | G82: =((Fórmulas!C$6/Fórmulas!D$6)/Fórmulas!E$6)*E82 -> 0 | H82: =G82*Fórmulas!B$9 -> 0 | I82: =E82/0.6 -> 0 | K82: 1 | L82: =((Fórmulas!C$6/Fórmulas!D$6)/0.7)*K82 -> 2.4489796 | M82: =L82*Fórmulas!D$6 -> 857.14286
E83: 0 | G83: =((Fórmulas!C$6/Fórmulas!D$6)/Fórmulas!E$6)*E83 -> 0 | H83: =G83*Fórmulas!B$9 -> 0 | I83: =E83/0.6 -> 0 | K83: 1 | L83: =((Fórmulas!C$6/Fórmulas!D$6)/0.7)*K83 -> 2.4489796 | M83: =L83*Fórmulas!D$6 -> 857.14286
E84: 0 | G84: =((Fórmulas!C$6/Fórmulas!D$6)/Fórmulas!E$6)*E84 -> 0 | H84: =G84*Fórmulas!B$9 -> 0 | I84: =E84/0.6 -> 0 | K84: 1 | L84: =((Fórmulas!C$6/Fórmulas!D$6)/0.7)*K84 -> 2.4489796 | M84: =L84*Fórmulas!D$6 -> 857.14286
A85: AMORTIGUADOR | B85: DE HORSE I MARCA BENF | E85: 16 | G85: =((Fórmulas!C$6/Fórmulas!D$6)/Fórmulas!E$6)*E85 -> 39.183673 | H85: =G85*Fórmulas!B$9 -> 13714.286 | I85: =E85/0.6 -> 26.666667 | K85: 1 | L85: =((Fórmulas!C$6/Fórmulas!D$6)/0.7)*K85 -> 2.4489796 | M85: =L85*Fórmulas!D$6 -> 857.14286
A86: AMORTIGUADOR | B86: DE HORSE I MARCA SPACE VISION | E86: 14.3 | G86: =((Fórmulas!C$6/Fórmulas!D$6)/Fórmulas!E$6)*E86 -> 35.020408 | H86: =G86*Fórmulas!B$9 -> 12257.143 | I86: =E86/0.6 -> 23.833333 | K86: 1 | L86: =((Fórmulas!C$6/Fórmulas!D$6)/0.7)*K86 -> 2.4489796 | M86: =L86*Fórmulas!D$6 -> 857.14286
A87: AMORTIGUADOR | B87: DE BERA MARCA SPACE VISION | E87: 16 | G87: =((Fórmulas!C$6/Fórmulas!D$6)/Fórmulas!E$6)*E87 -> 39.183673 | H87: =G87*Fórmulas!B$9 -> 13714.286 | I87: =E87/0.6 -> 26.666667 | K87: 1 | L87: =((Fórmulas!C$6/Fórmulas!D$6)/0.7)*K87 -> 2.4489796 | M87: =L87*Fórmulas!D$6 -> 857.14286
A88: AMORTIGUADOR | B88: DE HORSE I CROMADO EDICION ESPECIAL MARCA MOZUKI | E88: 24.1 | G88: =((Fórmulas!C$6/Fórmulas!D$6)/Fórmulas!E$6)*E88 -> 59.020408 | H88: =G88*Fórmulas!B$9 -> 20657.143 | I88: =E88/0.6 -> 40.166667 | K88: 1 | L88: =((Fórmulas!C$6/Fórmulas!D$6)/0.7)*K88 -> 2.4489796 | M88: =L88*Fórmulas!D$6 -> 857.14286
A89: AMORTIGUADOR | B89: UNIVERSAL DE AIRE, COLORES VARIOS, MARCA MARKI | E89: 27 | G89: =((Fórmulas!C$6/Fórmulas!D$6)/Fórmulas!E$6)*E89 -> 66.122449 | H89: =G89*Fórmulas!B$9 -> 23142.857 | I89: =E89/0.6 -> 45 | K89: 1 | L89: =((Fórmulas!C$6/Fórmulas!D$6)/0.7)*K89 -> 2.4489796 | M89: =L89*Fórmulas!D$6 -> 857.14286
A90: AMORTIGUADOR | B90: DE HORSE I ALDRICH | E90: 18 | G90: =((Fórmulas!C$6/Fórmulas!D$6)/Fórmulas!E$6)*E90 -> 44.081633 | H90: =G90*Fórmulas!B$9 -> 15428.571 | I90: =E90/0.6 -> 30 | K90: 1 | L90: =((Fórmulas!C$6/Fórmulas!D$6)/0.7)*K90 -> 2.4489796 | M90: =L90*Fórmulas!D$6 -> 857.14286
A91: AMORTIGUADOR | B91: DE CG 150, OWEN, GN 125 | E91: 16 | G91: =((Fórmulas!C$6/Fórmulas!D$6)/Fórmulas!E$6)*E91 -> 39.183673 | H91: =G91*Fórmulas!B$9 -> 13714.286 | I91: =E91/0.6 -> 26.666667 | K91: 1 | L91: =((Fórmulas!C$6/Fórmulas!D$6)/0.7)*K91 -> 2.4489796 | M91: =L91*Fórmulas!D$6 -> 857.14286
A92: AMORTIGUADOR | B92: DE CG 150, OWEN, GN 125 OFERTA | E92: 12.3 | G92: =((Fórmulas!C$6/Fórmulas!D$6)/Fórmulas!E$6)*E92 -> 30.122449 | H92: =G92*Fórmulas!B$9 -> 10542.857 | I92: =E92/0.6 -> 20.5 | K92: 1 | L92: =((Fórmulas!C$6/Fórmulas!D$6)/0.7)*K92 -> 2.4489796 | M92: =L92*Fórmulas!D$6 -> 857.14286
A93: AMORTIGUADOR | B93: MONOSHOCK DE TX 200 | E93: 29 | G93: =((Fórmulas!C$6/Fórmulas!D$6)/Fórmulas!E$6)*E93 -> 71.020408 | H93: =G93*Fórmulas!B$9 -> 24857.143 | I93: =E93/0.6 -> 48.333333 | K93: 1 | L93: =((Fórmulas!C$6/Fórmulas!D$6)/0.7)*K93 -> 2.4489796 | M93: =L93*Fórmulas!D$6 -> 857.14286
A94: AMORTIGUADOR | B94: DE HORSE I COLOR DORADO | E94: 16 | G94: =((Fórmulas!C$6/Fórmulas!D$6)/Fórmulas!E$6)*E94 -> 39.183673 | H94: =G94*Fórmulas!B$9 -> 13714.286 | I94: =E94/0.6 -> 26.666667 | K94: 1 | L94: =((Fórmulas!C$6/Fórmulas!D$6)/0.7)*K94 -> 2.4489796 | M94: =L94*Fórmulas!D$6 -> 857.14286
A95: AMORTIGUADOR | B95: DOBLE RESORTE DE BERA, COLORES VARIOS | E95: 16 | G95: =((Fórmulas!C$6/Fórmulas!D$6)/Fórmulas!E$6)*E95 -> 39.183673 | H95: =G95*Fórmulas!B$9 -> 13714.286 | I95: =E95/0.6 -> 26.666667 | K95: 1 | L95: =((Fórmulas!C$6/Fórmulas!D$6)/0.7)*K95 -> 2.4489796 | M95: =L95*Fórmulas!D$6 -> 857.14286
A96: AMORTIGUADOR | B96: DE CG 150, OWEN, GN 125, COLOR AMARILLO MARCA AMMARK | E96: 16 | G96: =((Fórmulas!C$6/Fórmulas!D$6)/Fórmulas!E$6)*E96 -> 39.183673 | H96: =G96*Fórmulas!B$9 -> 13714.286 | I96: =E96/0.6 -> 26.666667 | K96: 1 | L96: =((Fórmulas!C$6/Fórmulas!D$6)/0.7)*K96 -> 2.4489796 | M96: =L96*Fórmulas!D$6 -> 857.14286
... A99: AMORTIGUADOR | B99: MONOSHOCK DE R1 BERA | E99: 29 | G99: =((Fórmulas!C$6/Fórmulas!D$6)/Fórmulas!E$6)*E99 -> 71.020408 | H99: =G99*Fórmulas!B$9 -> 24857.143 | I99: =E99/0.6 -> 48.333333 | K99: 1 | L99: =((Fórmulas!C$6/Fórmulas!D$6)/0.7)*K99 -> 2.4489796 | M99: =L99*Fórmulas!D$6 -> 857.14286
E100: 0 | G100: =((Fórmulas!C$6/Fórmulas!D$6)/Fórmulas!E$6)*E100 -> 0 | H100: =G100*Fórmulas!B$9 -> 0 | I100: =E100/0.6 -> 0 | K100: 1 | L100: =((Fórmulas!C$6/Fórmulas!D$6)/0.7)*K100 -> 2.4489796 | M100: =L100*Fórmulas!D$6 -> 857.14286
E101: 0 | G101: =((Fórmulas!C$6/Fórmulas!D$6)/Fórmulas!E$6)*E101 -> 0 | H101: =G101*Fórmulas!B$9 -> 0 | I101: =E101/0.6 -> 0 | K101: 1 | L101: =((Fórmulas!C$6/Fórmulas!D$6)/0.7)*K101 -> 2.4489796 | M101: =L101*Fórmulas!D$6 -> 857.14286
E102: 0 | G102: =((Fórmulas!C$6/Fórmulas!D$6)/Fórmulas!E$6)*E102 -> 0 | H102: =G102*Fórmulas!B$9 -> 0 | I102: =E102/0.6 -> 0 | K102: 1 | L102: =((Fórmulas!C$6/Fórmulas!D$6)/0.7)*K102 -> 2.4489796 | M102: =L102*Fórmulas!D$6 -> 857.14286
E103: 0 | G103: =((Fórmulas!C$6/Fórmulas!D$6)/Fórmulas!E$6)*E103 -> 0 | H103: =G103*Fórmulas!B$9 -> 0 | I103: =E103/0.6 -> 0 | K103: 1 | L103: =((Fórmulas!C$6/Fórmulas!D$6)/0.7)*K103 -> 2.4489796 | M103: =L103*Fórmulas!D$6 -> 857.14286
E104: 0 | G104: =((Fórmulas!C$6/Fórmulas!D$6)/Fórmulas!E$6)*E104 -> 0 | H104: =G104*Fórmulas!B$9 -> 0 | I104: =E104/0.6 -> 0 | K104: 1 | L104: =((Fórmulas!C$6/Fórmulas!D$6)/0.7)*K104 -> 2.4489796 | M104: =L104*Fórmulas!D$6 -> 857.14286
E105: 0 | G105: =((Fórmulas!C$6/Fórmulas!D$6)/Fórmulas!E$6)*E105 -> 0 | H105: =G105*Fórmulas!B$9 -> 0 | I105: =E105/0.6 -> 0 | K105: 1 | L105: =((Fórmulas!C$6/Fórmulas!D$6)/0.7)*K105 -> 2.4489796 | M105: =L105*Fórmulas!D$6 -> 857.14286
E106: 0 | G106: =((Fórmulas!C$6/Fórmulas!D$6)/Fórmulas!E$6)*E106 -> 0 | H106: =G106*Fórmulas!B$9 -> 0 | I106: =E106/0.6 -> 0 | K106: 1 | L106: =((Fórmulas!C$6/Fórmulas!D$6)/0.7)*K106 -> 2.4489796 | M106: =L106*Fórmulas!D$6 -> 857.14286
E107: 0 | G107: =((Fórmulas!C$6/Fórmulas!D$6)/Fórmulas!E$6)*E107 -> 0 | H107: =G107*Fórmulas!B$9 -> 0 | I107: =E107/0.6 -> 0 | K107: 1 | L107: =((Fórmulas!C$6/Fórmulas!D$6)/0.7)*K107 -> 2.4489796 | M107: =L107*Fórmulas!D$6 -> 857.14286
E108: 0 | G108: =((Fórmulas!C$6/Fórmulas!D$6)/Fórmulas!E$6)*E108 -> 0 | H108: =G108*Fórmulas!B$9 -> 0 | I108: =E108/0.6 -> 0 | K108: 1 | L108: =((Fórmulas!C$6/Fórmulas!D$6)/0.7)*K108 -> 2.4489796 | M108: =L108*Fórmulas!D$6 -> 857.14286
E109: 0 | G109: =((Fórmulas!C$6/Fórmulas!D$6)/Fórmulas!E$6)*E109 -> 0 | H109: =G109*Fórmulas!B$9 -> 0 | I109: =E109/0.6 -> 0 | K109: 1 | L109: =((Fórmulas!C$6/Fórmulas!D$6)/0.7)*K109 -> 2.4489796 | M109: =L109*Fórmulas!D$6 -> 857.14286
E110: 0 | G110: =((Fórmulas!C$6/Fórmulas!D$6)/Fórmulas!E$6)*E110 -> 0 | H110: =G110*Fórmulas!B$9 -> 0 | I110: =E110/0.6 -> 0 | K110: 1 | L110: =((Fórmulas!C$6/Fórmulas!D$6)/0.7)*K110 -> 2.4489796 | M110: =L110*Fórmulas!D$6 -> 857.14286
E111: 0 | G111: =((Fórmulas!C$6/Fórmulas!D$6)/Fórmulas!E$6)*E111 -> 0 | H111: =G111*Fórmulas!B$9 -> 0 | I111: =E111/0.6 -> 0 | K111: 1 | L111: =((Fórmulas!C$6/Fórmulas!D$6)/0.7)*K111 -> 2.4489796 | M111: =L111*Fórmulas!D$6 -> 857.14286
...

Sheet Secundario
A6: CADENA | B6: CARACTERISTICAS | E6: COSTO $ | F6: INCREMENTO COSTO | G6: VENTA $ | H6: VENTA BS | I6: VENTA USDT | K6: COSTO $ | L6: VENTA $ | M6: VENTA BS
A8: ACEITE | B8: GRANEL 1 LT ECONOMICO | E8: 3 | G8: =((Fórmulas!C$6/Fórmulas!D$6)/Fórmulas!E$8)*E8 -> 6.4285714 | H8: =G8*Fórmulas!B$9 -> 2250 | I8: =E8/0.6 -> 5 | K8: 1 | L8: =((Fórmulas!C$6/Fórmulas!D$6)/0.8)*K8 -> 2.1428571 | M8: =L8*Fórmulas!D$6 -> 750
A9: ACEITE | B9: GRANEL 1 LT CHINO CLASE A | E9: 3.5 | G9: =((Fórmulas!C$6/Fórmulas!D$6)/Fórmulas!E$8)*E9 -> 7.5 | H9: =G9*Fórmulas!B$9 -> 2625 | I9: =E9/0.6 -> 5.8333333 | K9: 1 | L9: =((Fórmulas!C$6/Fórmulas!D$6)/0.8)*K9 -> 2.1428571 | M9: =L9*Fórmulas!D$6 -> 750
A10: CAMARA | B10: HORSE CON VALVULAS Y RESORTE CLASE C | E10: 26 | G10: =((Fórmulas!C$6/Fórmulas!D$6)/Fórmulas!E$8)*E10 -> 55.714286 | H10: =G10*Fórmulas!B$9 -> 19500 | I10: =E10/0.6 -> 43.333333 | K10: 1 | L10: =((Fórmulas!C$6/Fórmulas!D$6)/0.8)*K10 -> 2.1428571 | M10: =L10*Fórmulas!D$6 -> 750
A11: CAMARA | B11: CG 200 SOLA SIN RESORTE Y SIN VALVULAS | E11: 23 | G11: =((Fórmulas!C$6/Fórmulas!D$6)/Fórmulas!E$8)*E11 -> 49.285714 | H11: =G11*Fórmulas!B$9 -> 17250 | I11: =E11/0.6 -> 38.333333 | K11: 1 | L11: =((Fórmulas!C$6/Fórmulas!D$6)/0.8)*K11 -> 2.1428571 | M11: =L11*Fórmulas!D$6 -> 750
A12: CAMARA | B12: DT BERA 200 SOLA SIN ARBOL DE LEVA NI MARTILLERA | E12: 73 | G12: =((Fórmulas!C$6/Fórmulas!D$6)/Fórmulas!E$8)*E12 -> 156.42857 | H12: =G12*Fórmulas!B$9 -> 54750 | I12: =E12/0.6 -> 121.66667 | K12: 1 | L12: =((Fórmulas!C$6/Fórmulas!D$6)/0.8)*K12 -> 2.1428571 | M12: =L12*Fórmulas!D$6 -> 750
A13: CAMARA | B13: TX CON MARTILLERA Y TAPA VALVULAS | E13: 41 | G13: =((Fórmulas!C$6/Fórmulas!D$6)/Fórmulas!E$8)*E13 -> 87.857143 | H13: =G13*Fórmulas!B$9 -> 30750 | I13: =E13/0.6 -> 68.333333 | K13: 1 | L13: =((Fórmulas!C$6/Fórmulas!D$6)/0.8)*K13 -> 2.1428571 | M13: =L13*Fórmulas!D$6 -> 750
A14: CAMARA | B14: HJ COOL COMPLETA (MARTILLOS Y ARBOL DE LEVA) | E14: 73 | G14: =((Fórmulas!C$6/Fórmulas!D$6)/Fórmulas!E$8)*E14 -> 156.42857 | H14: =G14*Fórmulas!B$9 -> 54750 | I14: =E14/0.6 -> 121.66667 | K14: 1 | L14: =((Fórmulas!C$6/Fórmulas!D$6)/0.8)*K14 -> 2.1428571 | M14: =L14*Fórmulas!D$6 -> 750
A15: CAMARA | B15: GN COMPLETA (MARTILLO Y ARBOL DE LEVA) | E15: 73 | G15: =((Fórmulas!C$6/Fórmulas!D$6)/Fórmulas!E$8)*E15 -> 156.42857 | H15: =G15*Fórmulas!B$9 -> 54750 | I15: =E15/0.6 -> 121.66667 | K15: 1 | L15: =((Fórmulas!C$6/Fórmulas!D$6)/0.8)*K15 -> 2.1428571 | M15: =L15*Fórmulas!D$6 -> 750
A16: CAMARA | B16: HORSE Y CG SENCILLA SOLA | E16: 27 | G16: =((Fórmulas!C$6/Fórmulas!D$6)/Fórmulas!E$8)*E16 -> 57.857143 | H16: =G16*Fórmulas!B$9 -> 20250 | I16: =E16/0.6 -> 45 | K16: 1 | L16: =((Fórmulas!C$6/Fórmulas!D$6)/0.8)*K16 -> 2.1428571 | M16: =L16*Fórmulas!D$6 -> 750
A17: CAMARA | B17: AUTOMATICA GY6 SOLA | E17: 19 | G17: =((Fórmulas!C$6/Fórmulas!D$6)/Fórmulas!E$8)*E17 -> 40.714286 | H17: =G17*Fórmulas!B$9 -> 14250 | I17: =E17/0.6 -> 31.666667 | K17: 1 | L17: =((Fórmulas!C$6/Fórmulas!D$6)/0.8)*K17 -> 2.1428571 | M17: =L17*Fórmulas!D$6 -> 750
E18: 0 | G18: =((Fórmulas!C$6/Fórmulas!D$6)/Fórmulas!E$8)*E18 -> 0 | H18: =G18*Fórmulas!B$9 -> 0 | I18: =E18/0.6 -> 0 | K18: 1 | L18: =((Fórmulas!C$6/Fórmulas!D$6)/0.8)*K18 -> 2.1428571 | M18: =L18*Fórmulas!D$6 -> 750
E19: 0 | G19: =((Fórmulas!C$6/Fórmulas!D$6)/Fórmulas!E$8)*E19 -> 0 | H19: =G19*Fórmulas!B$9 -> 0 | I19: =E19/0.6 -> 0 | K19: 1 | L19: =((Fórmulas!C$6/Fórmulas!D$6)/0.8)*K19 -> 2.1428571 | M19: =L19*Fórmulas!D$6 -> 750
E20: 0 | G20: =((Fórmulas!C$6/Fórmulas!D$6)/Fórmulas!E$8)*E20 -> 0 | H20: =G20*Fórmulas!B$9 -> 0 | I20: =E20/0.6 -> 0 | K20: 1 | L20: =((Fórmulas!C$6/Fórmulas!D$6)/0.8)*K20 -> 2.1428571 | M20: =L20*Fórmulas!D$6 -> 750
E21: 0 | G21: =((Fórmulas!C$6/Fórmulas!D$6)/Fórmulas!E$8)*E21 -> 0 | H21: =G21*Fórmulas!B$9 -> 0 | I21: =E21/0.6 -> 0 | K21: 1 | L21: =((Fórmulas!C$6/Fórmulas!D$6)/0.8)*K21 -> 2.1428571 | M21: =L21*Fórmulas!D$6 -> 750
E22: 0 | G22: =((Fórmulas!C$6/Fórmulas!D$6)/Fórmulas!E$8)*E22 -> 0 | H22: =G22*Fórmulas!B$9 -> 0 | I22: =E22/0.6 -> 0 | K22: 1 | L22: =((Fórmulas!C$6/Fórmulas!D$6)/0.8)*K22 -> 2.1428571 | M22: =L22*Fórmulas!D$6 -> 750
E23: 0 | G23: =((Fórmulas!C$6/Fórmulas!D$6)/Fórmulas!E$8)*E23 -> 0 | H23: =G23*Fórmulas!B$9 -> 0 | I23: =E23/0.6 -> 0 | K23: 1 | L23: =((Fórmulas!C$6/Fórmulas!D$6)/0.8)*K23 -> 2.1428571 | M23: =L23*Fórmulas!D$6 -> 750
E24: 0 | G24: =((Fórmulas!C$6/Fórmulas!D$6)/Fórmulas!E$8)*E24 -> 0 | H24: =G24*Fórmulas!B$9 -> 0 | I24: =E24/0.6 -> 0 | K24: 1 | L24: =((Fórmulas!C$6/Fórmulas!D$6)/0.8)*K24 -> 2.1428571 | M24: =L24*Fórmulas!D$6 -> 750
E25: 0 | G25: =((Fórmulas!C$6/Fórmulas!D$6)/Fórmulas!E$8)*E25 -> 0 | H25: =G25*Fórmulas!B$9 -> 0 | I25: =E25/0.6 -> 0 | K25: 1 | L25: =((Fórmulas!C$6/Fórmulas!D$6)/0.8)*K25 -> 2.1428571 | M25: =L25*Fórmulas!D$6 -> 750
E26: 0 | G26: =((Fórmulas!C$6/Fórmulas!D$6)/Fórmulas!E$8)*E26 -> 0 | H26: =G26*Fórmulas!B$9 -> 0 | I26: =E26/0.6 -> 0 | K26: 1 | L26: =((Fórmulas!C$6/Fórmulas!D$6)/0.8)*K26 -> 2.1428571 | M26: =L26*Fórmulas!D$6 -> 750
E27: 0 | G27: =((Fórmulas!C$6/Fórmulas!D$6)/Fórmulas!E$8)*E27 -> 0 | H27: =G27*Fórmulas!B$9 -> 0 | I27: =E27/0.6 -> 0 | K27: 1 | L27: =((Fórmulas!C$6/Fórmulas!D$6)/0.8)*K27 -> 2.1428571 | M27: =L27*Fórmulas!D$6 -> 750
E28: 0 | G28: =((Fórmulas!C$6/Fórmulas!D$6)/Fórmulas!E$8)*E28 -> 0 | H28: =G28*Fórmulas!B$9 -> 0 | I28: =E28/0.6 -> 0 | K28: 1 | L28: =((Fórmulas!C$6/Fórmulas!D$6)/0.8)*K28 -> 2.1428571 | M28: =L28*Fórmulas!D$6 -> 750
E29: 0 | G29: =((Fórmulas!C$6/Fórmulas!D$6)/Fórmulas!E$8)*E29 -> 0 | H29: =G29*Fórmulas!B$9 -> 0 | I29: =E29/0.6 -> 0 | K29: 1 | L29: =((Fórmulas!C$6/Fórmulas!D$6)/0.8)*K29 -> 2.1428571 | M29: =L29*Fórmulas!D$6 -> 750
... E48: 0 | G48: =((Fórmulas!C$6/Fórmulas!D$6)/Fórmulas!E$8)*E48 -> 0 | H48: =G48*Fórmulas!B$9 -> 0 | I48: =E48/0.6 -> 0 | K48: 1 | L48: =((Fórmulas!C$6/Fórmulas!D$6)/0.8)*K48 -> 2.1428571 | M48: =L48*Fórmulas!D$6 -> 750
I49: =E49/0.6 -> 0

Sheet Productos de Bajo Costo
E4: UNIDAD | K4: LOTE
B5: CARACTERISTICAS | E5: COSTO $ | F5: INCREMENTO COSTO | G5: VENTA $ | H5: VENTA BS | I5: VENTA USDT | J5: VENTA BS(USDT) | K5: COSTO $ | L5: VENTA $ | M5: VENTA BS
B6: POTENCIA Y CONTROL
A7: CORONA | B7: 35 RIN PALETA CROMADA | E7: 3 | G7: =((Fórmulas!C$7/Fórmulas!D$7)/Fórmulas!E$7)*E7 -> 8.5714286 | H7: =G7*Fórmulas!B$9 -> 3000 | I7: =E7/Fórmulas!E$7 -> 5 | J7: =G7*Fórmulas!B$10 -> 5142.8571 | K7: 1 | L7: =((Fórmulas!C$6/Fórmulas!D$6)/0.7)*K7 -> 2.4489796 | M7: =L7*Fórmulas!D$6 -> 857.14286
A8: CORONA | B8: 36 RIN PALETA CROMADA | E8: 3 | G8: =((Fórmulas!C$7/Fórmulas!D$7)/Fórmulas!E$7)*E8 -> 8.5714286 | H8: =G8*Fórmulas!B$9 -> 3000 | I8: =E8/Fórmulas!E$7 -> 5 | J8: =G8*Fórmulas!B$10 -> 5142.8571 | K8: 1 | L8: =((Fórmulas!C$6/Fórmulas!D$6)/0.7)*K8 -> 2.4489796 | M8: =L8*Fórmulas!D$6 -> 857.14286
A9: CORONA | B9: 37 RIN PALETA CROMADA | E9: 3 | G9: =((Fórmulas!C$7/Fórmulas!D$7)/Fórmulas!E$7)*E9 -> 8.5714286 | H9: =G9*Fórmulas!B$9 -> 3000 | I9: =E9/Fórmulas!E$7 -> 5 | J9: =G9*Fórmulas!B$10 -> 5142.8571 | K9: 1 | L9: =((Fórmulas!C$6/Fórmulas!D$6)/0.7)*K9 -> 2.4489796 | M9: =L9*Fórmulas!D$6 -> 857.14286
A10: CORONA | B10: 38 RIN PALETA CROMADA | E10: 3 | G10: =((Fórmulas!C$7/Fórmulas!D$7)/Fórmulas!E$7)*E10 -> 8.5714286 | H10: =G10*Fórmulas!B$9 -> 3000 | I10: =E10/Fórmulas!E$7 -> 5 | J10: =G10*Fórmulas!B$10 -> 5142.8571 | K10: 1 | L10: =((Fórmulas!C$6/Fórmulas!D$6)/0.7)*K10 -> 2.4489796 | M10: =L10*Fórmulas!D$6 -> 857.14286
A11: CORONA | B11: 39 RIN PALETA CROMADA | E11: 3 | G11: =((Fórmulas!C$7/Fórmulas!D$7)/Fórmulas!E$7)*E11 -> 8.5714286 | H11: =G11*Fórmulas!B$9 -> 3000 | I11: =E11/Fórmulas!E$7 -> 5 | J11: =G11*Fórmulas!B$10 -> 5142.8571 | K11: 1 | L11: =((Fórmulas!C$6/Fórmulas!D$6)/0.7)*K11 -> 2.4489796 | M11: =L11*Fórmulas!D$6 -> 857.14286
A12: CORONA | B12: 40 RIN PALETA CROMADA | E12: 3 | G12: =((Fórmulas!C$7/Fórmulas!D$7)/Fórmulas!E$7)*E12 -> 8.5714286 | H12: =G12*Fórmulas!B$9 -> 3000 | I12: =E12/Fórmulas!E$7 -> 5 | J12: =G12*Fórmulas!B$10 -> 5142.8571 | K12: 1 | L12: =((Fórmulas!C$6/Fórmulas!D$6)/0.7)*K12 -> 2.4489796 | M12: =L12*Fórmulas!D$6 -> 857.14286
A13: CORONA | B13: 41 RIN PALETA CROMADA | E13: 3.3 | G13: =((Fórmulas!C$7/Fórmulas!D$7)/Fórmulas!E$7)*E13 -> 9.4285714 | H13: =G13*Fórmulas!B$9 -> 3300 | I13: =E13/Fórmulas!E$7 -> 5.5 | J13: =G13*Fórmulas!B$10 -> 5657.1429 | K13: 1 | L13: =((Fórmulas!C$6/Fórmulas!D$6)/0.7)*K13 -> 2.4489796 | M13: =L13*Fórmulas!D$6 -> 857.14286
A14: CORONA | B14: 42 RIN PALETA CROMADA | E14: 3.3 | G14: =((Fórmulas!C$7/Fórmulas!D$7)/Fórmulas!E$7)*E14 -> 9.4285714 | H14: =G14*Fórmulas!B$9 -> 3300 | I14: =E14/Fórmulas!E$7 -> 5.5 | J14: =G14*Fórmulas!B$10 -> 5657.1429 | K14: 1 | L14: =((Fórmulas!C$6/Fórmulas!D$6)/0.7)*K14 -> 2.4489796 | M14: =L14*Fórmulas!D$6 -> 857.14286
A15: CORONA | B15: 43 RIN PALETA CROMADA | E15: 3.3 | G15: =((Fórmulas!C$7/Fórmulas!D$7)/Fórmulas!E$7)*E15 -> 9.4285714 | H15: =G15*Fórmulas!B$9 -> 3300 | I15: =E15/Fórmulas!E$7 -> 5.5 | J15: =G15*Fórmulas!B$10 -> 5657.1429 | K15: 1 | L15: =((Fórmulas!C$6/Fórmulas!D$6)/0.7)*K15 -> 2.4489796 | M15: =L15*Fórmulas!D$6 -> 857.14286
A16: CORONA | B16: 44 RIN PALETA CROMADA | E16: 3.3 | G16: =((Fórmulas!C$7/Fórmulas!D$7)/Fórmulas!E$7)*E16 -> 9.4285714 | H16: =G16*Fórmulas!B$9 -> 3300 | I16: =E16/Fórmulas!E$7 -> 5.5 | J16: =G16*Fórmulas!B$10 -> 5657.1429 | K16: 1 | L16: =((Fórmulas!C$6/Fórmulas!D$6)/0.7)*K16 -> 2.4489796 | M16: =L16*Fórmulas!D$6 -> 857.14286
A17: CORONA | B17: 45 RIN PALETA CROMADA | E17: 3.3 | G17: =((Fórmulas!C$7/Fórmulas!D$7)/Fórmulas!E$7)*E17 -> 9.4285714 | H17: =G17*Fórmulas!B$9 -> 3300 | I17: =E17/Fórmulas!E$7 -> 5.5 | J17: =G17*Fórmulas!B$10 -> 5657.1429 | K17: 1 | L17: =((Fórmulas!C$6/Fórmulas!D$6)/0.7)*K17 -> 2.4489796 | M17: =L17*Fórmulas!D$6 -> 857.14286
A18: CORONA | B18: 35 RIN RAYOS CROMADA | E18: 3 | G18: =((Fórmulas!C$7/Fórmulas!D$7)/Fórmulas!E$7)*E18 -> 8.5714286 | H18: =G18*Fórmulas!B$9 -> 3000 | I18: =E18/Fórmulas!E$7 -> 5 | J18: =G18*Fórmulas!B$10 -> 5142.8571 | K18: 1 | L18: =((Fórmulas!C$6/Fórmulas!D$6)/0.7)*K18 -> 2.4489796 | M18: =L18*Fórmulas!D$6 -> 857.14286
... A105: CORONA | B105: 45 MD DORADA | E105: 4 | G105: =((Fórmulas!C$7/Fórmulas!D$7)/Fórmulas!E$7)*E105 -> 11.428571 | H105: =G105*Fórmulas!B$9 -> 4000 | I105: =E105/Fórmulas!E$7 -> 6.6666667 | J105: =G105*Fórmulas!B$10 -> 6857.1429 | K105: 1 | L105: =((Fórmulas!C$6/Fórmulas!D$6)/0.7)*K105 -> 2.4489796 | M105: =L105*Fórmulas!D$6 -> 857.14286
E106: 0 | G106: =((Fórmulas!C$7/Fórmulas!D$7)/Fórmulas!E$7)*E106 -> 0 | H106: =G106*Fórmulas!B$9 -> 0 | I106: =E106/Fórmulas!E$7 -> 0 | J106: =G106*Fórmulas!B$10 -> 0 | K106: 1 | L106: =((Fórmulas!C$6/Fórmulas!D$6)/0.7)*K106 -> 2.4489796 | M106: =L106*Fórmulas!D$6 -> 857.14286
A107: CORONA | B107: 42 TX CROMADA | E107: 3.3 | G107: =((Fórmulas!C$7/Fórmulas!D$7)/Fórmulas!E$7)*E107 -> 9.4285714 | H107: =G107*Fórmulas!B$9 -> 3300 | I107: =E107/Fórmulas!E$7 -> 5.5 | J107: =G107*Fórmulas!B$10 -> 5657.1429 | K107: 1 | L107: =((Fórmulas!C$6/Fórmulas!D$6)/0.7)*K107 -> 2.4489796 | M107: =L107*Fórmulas!D$6 -> 857.14286
A108: CORONA | B108: 43 TX CROMADA | E108: 3.3 | G108: =((Fórmulas!C$7/Fórmulas!D$7)/Fórmulas!E$7)*E108 -> 9.4285714 | H108: =G108*Fórmulas!B$9 -> 3300 | I108: =E108/Fórmulas!E$7 -> 5.5 | J108: =G108*Fórmulas!B$10 -> 5657.1429 | K108: 1 | L108: =((Fórmulas!C$6/Fórmulas!D$6)/0.7)*K108 -> 2.4489796 | M108: =L108*Fórmulas!D$6 -> 857.14286
A109: CORONA | B109: 44 TX CROMADA | E109: 3.3 | G109: =((Fórmulas!C$7/Fórmulas!D$7)/Fórmulas!E$7)*E109 -> 9.4285714 | H109: =G109*Fórmulas!B$9 -> 3300 | I109: =E109/Fórmulas!E$7 -> 5.5 | J109: =G109*Fórmulas!B$10 -> 5657.1429 | K109: 1 | L109: =((Fórmulas!C$6/Fórmulas!D$6)/0.7)*K109 -> 2.4489796 | M109: =L109*Fórmulas!D$6 -> 857.14286
A110: CORONA | B110: 45 TX CROMADA | E110: 3.3 | G110: =((Fórmulas!C$7/Fórmulas!D$7)/Fórmulas!E$7)*E110 -> 9.4285714 | H110: =G110*Fórmulas!B$9 -> 3300 | I110: =E110/Fórmulas!E$7 -> 5.5 | J110: =G110*Fórmulas!B$10 -> 5657.1429 | K110: 1 | L110: =((Fórmulas!C$6/Fórmulas!D$6)/0.7)*K110 -> 2.4489796 | M110: =L110*Fórmulas!D$6 -> 857.14286
A111: CORONA | B111: 42 TX NEGRA | E111: 4.3 | G111: =((Fórmulas!C$7/Fórmulas!D$7)/Fórmulas!E$7)*E111 -> 12.285714 | H111: =G111*Fórmulas!B$9 -> 4300 | I111: =E111/Fórmulas!E$7 -> 7.1666667 | J111: =G111*Fórmulas!B$10 -> 7371.4286 | K111: 1 | L111: =((Fórmulas!C$6/Fórmulas!D$6)/0.7)*K111 -> 2.4489796 | M111: =L111*Fórmulas!D$6 -> 857.14286
A112: CORONA | B112: 43 TX NEGRA | E112: 4.3 | G112: =((Fórmulas!C$7/Fórmulas!D$7)/Fórmulas!E$7)*E112 -> 12.285714 | H112: =G112*Fórmulas!B$9 -> 4300 | I112: =E112/Fórmulas!E$7 -> 7.1666667 | J112: =G112*Fórmulas!B$10 -> 7371.4286 | K112: 1 | L112: =((Fórmulas!C$6/Fórmulas!D$6)/0.7)*K112 -> 2.4489796 | M112: =L112*Fórmulas!D$6 -> 857.14286
A113: CORONA | B113: 44 TX NEGRA | E113: 4.3 | G113: =((Fórmulas!C$7/Fórmulas!D$7)/Fórmulas!E$7)*E113 -> 12.285714 | H113: =G113*Fórmulas!B$9 -> 4300 | I113: =E113/Fórmulas!E$7 -> 7.1666667 | J113: =G113*Fórmulas!B$10 -> 7371.4286 | K113: 1 | L113: =((Fórmulas!C$6/Fórmulas!D$6)/0.7)*K113 -> 2.4489796 | M113: =L113*Fórmulas!D$6 -> 857.14286
A114: CORONA | B114: 45 TX NEGRA | E114: 4.3 | G114: =((Fórmulas!C$7/Fórmulas!D$7)/Fórmulas!E$7)*E114 -> 12.285714 | H114: =G114*Fórmulas!B$9 -> 4300 | I114: =E114/Fórmulas!E$7 -> 7.1666667 | J114: =G114*Fórmulas!B$10 -> 7371.4286 | K114: 1 | L114: =((Fórmulas!C$6/Fórmulas!D$6)/0.7)*K114 -> 2.4489796 | M114: =L114*Fórmulas!D$6 -> 857.14286
A115: CORONA | B115: 42 TX DORADA | E115: 3.7 | G115: =((Fórmulas!C$7/Fórmulas!D$7)/Fórmulas!E$7)*E115 -> 10.571429 | H115: =G115*Fórmulas!B$9 -> 3700 | I115: =E115/Fórmulas!E$7 -> 6.1666667 | J115: =G115*Fórmulas!B$10 -> 6342.8571 | K115: 1 | L115: =((Fórmulas!C$6/Fórmulas!D$6)/0.7)*K115 -> 2.4489796 | M115: =L115*Fórmulas!D$6 -> 857.14286
A116: CORONA | B116: 43 TX DORADA | E116: 3.7 | G116: =((Fórmulas!C$7/Fórmulas!D$7)/Fórmulas!E$7)*E116 -> 10.571429 | H116: =G116*Fórmulas!B$9 -> 3700 | I116: =E116/Fórmulas!E$7 -> 6.1666667 | J116: =G116*Fórmulas!B$10 -> 6342.8571 | K116: 1 | L116: =((Fórmulas!C$6/Fórmulas!D$6)/0.7)*K116 -> 2.4489796 | M116: =L116*Fórmulas!D$6 -> 857.14286
A117: CORONA | B117: 44 TX DORADA | E117: 3.7 | G117: =((Fórmulas!C$7/Fórmulas!D$7)/Fórmulas!E$7)*E117 -> 10.571429 | H117: =G117*Fórmulas!B$9 -> 3700 | I117: =E117/Fórmulas!E$7 -> 6.1666667 | J117: =G117*Fórmulas!B$10 -> 6342.8571 | K117: 1 | L117: =((Fórmulas!C$6/Fórmulas!D$6)/0.7)*K117 -> 2.4489796 | M117: =L117*Fórmulas!D$6 -> 857.14286
A118: CORONA | B118: 45 TX DORADA | E118: 3.7 | G118: =((Fórmulas!C$7/Fórmulas!D$7)/Fórmulas!E$7)*E118 -> 10.571429 | H118: =G118*Fórmulas!B$9 -> 3700 | I118: =E118/Fórmulas!E$7 -> 6.1666667 | J118: =G118*Fórmulas!B$10 -> 6342.8571 | K118: 1 | L118: =((Fórmulas!C$6/Fórmulas!D$6)/0.7)*K118 -> 2.4489796 | M118: =L118*Fórmulas!D$6 -> 857.14286
E119: 0 | G119: =((Fórmulas!C$7/Fórmulas!D$7)/Fórmulas!E$7)*E119 -> 0 | H119: =G119*Fórmulas!B$9 -> 0 | I119: =E119/Fórmulas!E$7 -> 0 | J119: =G119*Fórmulas!B$10 -> 0 | K119: 1 | L119: =((Fórmulas!C$6/Fórmulas!D$6)/0.7)*K119 -> 2.4489796 | M119: =L119*Fórmulas!D$6 -> 857.14286
A120: PIÑÓN | B120: 14 CG CROMADO (SIN BORDE) | E120: 0.9 | G120: =((Fórmulas!C$7/Fórmulas!D$7)/Fórmulas!E$7)*E120 -> 2.5714286 | H120: =G120*Fórmulas!B$9 -> 900 | I120: =E120/Fórmulas!E$7 -> 1.5 | J120: =G120*Fórmulas!B$10 -> 1542.8571 | K120: 1 | L120: =((Fórmulas!C$6/Fórmulas!D$6)/0.7)*K120 -> 2.4489796 | M120: =L120*Fórmulas!D$6 -> 857.14286
A121: PIÑÓN | B121: 15 CG CROMADO (SIN BORDE) | E121: 0.9 | G121: =((Fórmulas!C$7/Fórmulas!D$7)/Fórmulas!E$7)*E121 -> 2.5714286 | H121: =G121*Fórmulas!B$9 -> 900 | I121: =E121/Fórmulas!E$7 -> 1.5 | J121: =G121*Fórmulas!B$10 -> 1542.8571 | K121: 1 | L121: =((Fórmulas!C$6/Fórmulas!D$6)/0.7)*K121 -> 2.4489796 | M121: =L121*Fórmulas!D$6 -> 857.14286
A122: PIÑÓN | B122: 16 CG CROMADO (SIN BORDE) | E122: 0.9 | G122: =((Fórmulas!C$7/Fórmulas!D$7)/Fórmulas!E$7)*E122 -> 2.5714286 | H122: =G122*Fórmulas!B$9 -> 900 | I122: =E122/Fórmulas!E$7 -> 1.5 | J122: =G122*Fórmulas!B$10 -> 1542.8571 | K122: 1 | L122: =((Fórmulas!C$6/Fórmulas!D$6)/0.7)*K122 -> 2.4489796 | M122: =L122*Fórmulas!D$6 -> 857.14286
A123: PIÑÓN | B123: 17 CG CROMADO (SIN BORDE) | E123: 0.9 | G123: =((Fórmulas!C$7/Fórmulas!D$7)/Fórmulas!E$7)*E123 -> 2.5714286 | H123: =G123*Fórmulas!B$9 -> 900 | I123: =E123/Fórmulas!E$7 -> 1.5 | J123: =G123*Fórmulas!B$10 -> 1542.8571 | K123: 1 | L123: =((Fórmulas!C$6/Fórmulas!D$6)/0.7)*K123 -> 2.4489796 | M123: =L123*Fórmulas!D$6 -> 857.14286
A124: PIÑÓN | B124: 14 HORSE NEGRO | E124: 1.2 | G124: =((Fórmulas!C$7/Fórmulas!D$7)/Fórmulas!E$7)*E124 -> 3.4285714 | H124: =G124*Fórmulas!B$9 -> 1200 | I124: =E124/Fórmulas!E$7 -> 2 | J124: =G124*Fórmulas!B$10 -> 2057.1429 | K124: 1 | L124: =((Fórmulas!C$6/Fórmulas!D$6)/0.7)*K124 -> 2.4489796 | M124: =L124*Fórmulas!D$6 -> 857.14286
A125: PIÑÓN | B125: 15 HORSE NEGRO | E125: 1.2 | G125: =((Fórmulas!C$7/Fórmulas!D$7)/Fórmulas!E$7)*E125 -> 3.4285714 | H125: =G125*Fórmulas!B$9 -> 1200 | I125: =E125/Fórmulas!E$7 -> 2 | J125: =G125*Fórmulas!B$10 -> 2057.1429 | K125: 1 | L125: =((Fórmulas!C$6/Fórmulas!D$6)/0.7)*K125 -> 2.4489796 | M125: =L125*Fórmulas!D$6 -> 857.14286
A126: PIÑÓN | B126: 16 HORSE NEGRO | E126: 1.2 | G126: =((Fórmulas!C$7/Fórmulas!D$7)/Fórmulas!E$7)*E126 -> 3.4285714 | H126: =G126*Fórmulas!B$9 -> 1200 | I126: =E126/Fórmulas!E$7 -> 2 | J126: =G126*Fórmulas!B$10 -> 2057.1429 | K126: 1 | L126: =((Fórmulas!C$6/Fórmulas!D$6)/0.7)*K126 -> 2.4489796 | M126: =L126*Fórmulas!D$6 -> 857.14286
A127: PIÑÓN | B127: 17 HORSE NEGRO | E127: 1.2 | G127: =((Fórmulas!C$7/Fórmulas!D$7)/Fórmulas!E$7)*E127 -> 3.4285714 | H127: =G127*Fórmulas!B$9 -> 1200 | I127: =E127/Fórmulas!E$7 -> 2 | J127: =G127*Fórmulas!B$10 -> 2057.1429 | K127: 1 | L127: =((Fórmulas!C$6/Fórmulas!D$6)/0.7)*K127 -> 2.4489796 | M127: =L127*Fórmulas!D$6 -> 857.14286
A128: PIÑÓN | B128: 14 HORSE CROMADO | E128: 1.2 | G128: =((Fórmulas!C$7/Fórmulas!D$7)/Fórmulas!E$7)*E128 -> 3.4285714 | H128: =G128*Fórmulas!B$9 -> 1200 | I128: =E128/Fórmulas!E$7 -> 2 | J128: =G128*Fórmulas!B$10 -> 2057.1429 | K128: 1 | L128: =((Fórmulas!C$6/Fórmulas!D$6)/0.7)*K128 -> 2.4489796 | M128: =L128*Fórmulas!D$6 -> 857.14286
A129: PIÑÓN | B129: 15 HORSE CROMADO | E129: 1.2 | G129: =((Fórmulas!C$7/Fórmulas!D$7)/Fórmulas!E$7)*E129 -> 3.4285714 | H129: =G129*Fórmulas!B$9 -> 1200 | I129: =E129/Fórmulas!E$7 -> 2 | J129: =G129*Fórmulas!B$10 -> 2057.1429 | K129: 1 | L129: =((Fórmulas!C$6/Fórmulas!D$6)/0.7)*K129 -> 2.4489796 | M129: =L129*Fórmulas!D$6 -> 857.14286
A130: PIÑÓN | B130: 16 HORSE CROMADO | E130: 1.2 | G130: =((Fórmulas!C$7/Fórmulas!D$7)/Fórmulas!E$7)*E130 -> 3.4285714 | H130: =G130*Fórmulas!B$9 -> 1200 | I130: =E130/Fórmulas!E$7 -> 2 | J130: =G130*Fórmulas!B$10 -> 2057.1429 | K130: 1 | L130: =((Fórmulas!C$6/Fórmulas!D$6)/0.7)*K130 -> 2.4489796 | M130: =L130*Fórmulas!D$6 -> 857.14286
A131: PIÑÓN | B131: 17 HORSE CROMADO | E131: 1.2 | G131: =((Fórmulas!C$7/Fórmulas!D$7)/Fórmulas!E$7)*E131 -> 3.4285714 | H131: =G131*Fórmulas!B$9 -> 1200 | I131: =E131/Fórmulas!E$7 -> 2 | J131: =G131*Fórmulas!B$10 -> 2057.1429 | K131: 1 | L131: =((Fórmulas!C$6/Fórmulas!D$6)/0.7)*K131 -> 2.4489796 | M131: =L131*Fórmulas!D$6 -> 857.14286
... A173: ROLINERAS | B173: 63 22 16 MM DEL CIGÜEÑAL GY6 AUTOMATICA | E173: 2.4 | G173: =((Fórmulas!C$7/Fórmulas!D$7)/Fórmulas!E$7)*E173 -> 6.8571429 | H173: =G173*Fórmulas!B$9 -> 2400 | I173: =E173/Fórmulas!E$7 -> 4 | J173: =G173*Fórmulas!B$10 -> 4114.2857 | K173: 1 | L173: =((Fórmulas!C$6/Fórmulas!D$6)/0.7)*K173 -> 2.4489796 | M173: =L173*Fórmulas!D$6 -> 857.14286
E174: 0 | G174: =((Fórmulas!C$7/Fórmulas!D$7)/Fórmulas!E$7)*E174 -> 0 | H174: =G174*Fórmulas!B$9 -> 0 | I174: =E174/Fórmulas!E$7 -> 0 | J174: =G174*Fórmulas!B$10 -> 0 | K174: 1 | L174: =((Fórmulas!C$6/Fórmulas!D$6)/0.7)*K174 -> 2.4489796 | M174: =L174*Fórmulas!D$6 -> 857.14286
A175: PATA DE CAMBIO | B175: HORSE Y BERA TORNASOL | E175: 4 | G175: =((Fórmulas!C$7/Fórmulas!D$7)/Fórmulas!E$7)*E175 -> 11.428571 | H175: =G175*Fórmulas!B$9 -> 4000 | I175: =E175/Fórmulas!E$7 -> 6.6666667 | J175: =G175*Fórmulas!B$10 -> 6857.1429 | K175: 1 | L175: =((Fórmulas!C$6/Fórmulas!D$6)/0.7)*K175 -> 2.4489796 | M175: =L175*Fórmulas!D$6 -> 857.14286
E176: 0 | G176: =((Fórmulas!C$7/Fórmulas!D$7)/Fórmulas!E$7)*E176 -> 0 | H176: =G176*Fórmulas!B$9 -> 0 | I176: =E176/Fórmulas!E$7 -> 0 | J176: =G176*Fórmulas!B$10 -> 0 | K176: 1 | L176: =((Fórmulas!C$6/Fórmulas!D$6)/0.7)*K176 -> 2.4489796 | M176: =L176*Fórmulas!D$6 -> 857.14286
E177: 0 | G177: =((Fórmulas!C$7/Fórmulas!D$7)/Fórmulas!E$7)*E177 -> 0 | H177: =G177*Fórmulas!B$9 -> 0 | I177: =E177/Fórmulas!E$7 -> 0 | J177: =G177*Fórmulas!B$10 -> 0 | K177: 1 | L177: =((Fórmulas!C$6/Fórmulas!D$6)/0.7)*K177 -> 2.4489796 | M177: =L177*Fórmulas!D$6 -> 857.14286
E178: 0 | G178: =((Fórmulas!C$7/Fórmulas!D$7)/Fórmulas!E$7)*E178 -> 0 | H178: =G178*Fórmulas!B$9 -> 0 | I178: =E178/Fórmulas!E$7 -> 0 | J178: =G178*Fórmulas!B$10 -> 0 | K178: 1 | L178: =((Fórmulas!C$6/Fórmulas!D$6)/0.7)*K178 -> 2.4489796 | M178: =L178*Fórmulas!D$6 -> 857.14286
A179: PATA DE FRENO | B179: DE HORSE I | E179: 3 | G179: =((Fórmulas!C$7/Fórmulas!D$7)/Fórmulas!E$7)*E179 -> 8.5714286 | H179: =G179*Fórmulas!B$9 -> 3000 | I179: =E179/Fórmulas!E$7 -> 5 | J179: =G179*Fórmulas!B$10 -> 5142.8571 | K179: 1 | L179: =((Fórmulas!C$6/Fórmulas!D$6)/0.7)*K179 -> 2.4489796 | M179: =L179*Fórmulas!D$6 -> 857.14286
A180: PATA DE FRENO | B180: DE NEW HORSE COLOR NEGRO | E180: 3 | G180: =((Fórmulas!C$7/Fórmulas!D$7)/Fórmulas!E$7)*E180 -> 8.5714286 | H180: =G180*Fórmulas!B$9 -> 3000 | I180: =E180/Fórmulas!E$7 -> 5 | J180: =G180*Fórmulas!B$10 -> 5142.8571 | K180: 1 | L180: =((Fórmulas!C$6/Fórmulas!D$6)/0.7)*K180 -> 2.4489796 | M180: =L180*Fórmulas!D$6 -> 857.14286
A181: PATA DE FRENO | B181: DE OWEN | E181: 3 | G181: =((Fórmulas!C$7/Fórmulas!D$7)/Fórmulas!E$7)*E181 -> 8.5714286 | H181: =G181*Fórmulas!B$9 -> 3000 | I181: =E181/Fórmulas!E$7 -> 5 | J181: =G181*Fórmulas!B$10 -> 5142.8571 | K181: 1 | L181: =((Fórmulas!C$6/Fórmulas!D$6)/0.7)*K181 -> 2.4489796 | M181: =L181*Fórmulas!D$6 -> 857.14286
A182: PATA DE FRENO | B182: DE CG 150, BERA, MD, JAGUAR | E182: 3 | G182: =((Fórmulas!C$7/Fórmulas!D$7)/Fórmulas!E$7)*E182 -> 8.5714286 | H182: =G182*Fórmulas!B$9 -> 3000 | I182: =E182/Fórmulas!E$7 -> 5 | J182: =G182*Fórmulas!B$10 -> 5142.8571 | K182: 1 | L182: =((Fórmulas!C$6/Fórmulas!D$6)/0.7)*K182 -> 2.4489796 | M182: =L182*Fórmulas!D$6 -> 857.14286
A183: PATA DE FRENO | B183: DE EK EXPRESS COLOR NEGRO | E183: 3 | G183: =((Fórmulas!C$7/Fórmulas!D$7)/Fórmulas!E$7)*E183 -> 8.5714286 | H183: =G183*Fórmulas!B$9 -> 3000 | I183: =E183/Fórmulas!E$7 -> 5 | J183: =G183*Fórmulas!B$10 -> 5142.8571 | K183: 1 | L183: =((Fórmulas!C$6/Fórmulas!D$6)/0.7)*K183 -> 2.4489796 | M183: =L183*Fórmulas!D$6 -> 857.14286
A184: PATA DE FRENO | B184: DE TX | E184: 4.6 | G184: =((Fórmulas!C$7/Fórmulas!D$7)/Fórmulas!E$7)*E184 -> 13.142857 | H184: =G184*Fórmulas!B$9 -> 4600 | I184: =E184/Fórmulas!E$7 -> 7.6666667 | J184: =G184*Fórmulas!B$10 -> 7885.7143 | K184: 1 | L184: =((Fórmulas!C$6/Fórmulas!D$6)/0.7)*K184 -> 2.4489796 | M184: =L184*Fórmulas!D$6 -> 857.14286
A185: PATA DE FRENO | B185: DE LECHUZA, UM, RAPTOR | E185: 5 | G185: =((Fórmulas!C$7/Fórmulas!D$7)/Fórmulas!E$7)*E185 -> 14.285714 | H185: =G185*Fórmulas!B$9 -> 5000 | I185: =E185/Fórmulas!E$7 -> 8.3333333 | J185: =G185*Fórmulas!B$10 -> 8571.4286 | K185: 1 | L185: =((Fórmulas!C$6/Fórmulas!D$6)/0.7)*K185 -> 2.4489796 | M185: =L185*Fórmulas!D$6 -> 857.14286
A186: PATA DE FRENO | B186: DE ARSEN II | E186: 5 | G186: =((Fórmulas!C$7/Fórmulas!D$7)/Fórmulas!E$7)*E186 -> 14.285714 | H186: =G186*Fórmulas!B$9 -> 5000 | I186: =E186/Fórmulas!E$7 -> 8.3333333 | J186: =G186*Fórmulas!B$10 -> 8571.4286 | K186: 1 | L186: =((Fórmulas!C$6/Fórmulas!D$6)/0.7)*K186 -> 2.4489796 | M186: =L186*Fórmulas!D$6 -> 857.14286
E187: 0 | G187: =((Fórmulas!C$7/Fórmulas!D$7)/Fórmulas!E$7)*E187 -> 0 | H187: =G187*Fórmulas!B$9 -> 0 | I187: =E187/Fórmulas!E$7 -> 0 | J187: =G187*Fórmulas!B$10 -> 0 | K187: 1 | L187: =((Fórmulas!C$6/Fórmulas!D$6)/0.7)*K187 -> 2.4489796 | M187: =L187*Fórmulas!D$6 -> 857.14286
E188: 0 | G188: =((Fórmulas!C$7/Fórmulas!D$7)/Fórmulas!E$7)*E188 -> 0 | H188: =G188*Fórmulas!B$9 -> 0 | I188: =E188/Fórmulas!E$7 -> 0 | J188: =G188*Fórmulas!B$10 -> 0 | K188: 1 | L188: =((Fórmulas!C$6/Fórmulas!D$6)/0.7)*K188 -> 2.4489796 | M188: =L188*Fórmulas!D$6 -> 857.14286
E189: 0 | G189: =((Fórmulas!C$7/Fórmulas!D$7)/Fórmulas!E$7)*E189 -> 0 | H189: =G189*Fórmulas!B$9 -> 0 | I189: =E189/Fórmulas!E$7 -> 0 | J189: =G189*Fórmulas!B$10 -> 0 | K189: 1 | L189: =((Fórmulas!C$6/Fórmulas!D$6)/0.7)*K189 -> 2.4489796 | M189: =L189*Fórmulas!D$6 -> 857.14286
E190: 0 | G190: =((Fórmulas!C$7/Fórmulas!D$7)/Fórmulas!E$7)*E190 -> 0 | H190: =G190*Fórmulas!B$9 -> 0 | I190: =E190/Fórmulas!E$7 -> 0 | J190: =G190*Fórmulas!B$10 -> 0 | K190: 1 | L190: =((Fórmulas!C$6/Fórmulas!D$6)/0.7)*K190 -> 2.4489796 | M190: =L190*Fórmulas!D$6 -> 857.14286
A191: VARILLA DE FRENO | B191: DE HORSE I, II Y SBR | E191: 0.9 | G191: =((Fórmulas!C$7/Fórmulas!D$7)/Fórmulas!E$7)*E191 -> 2.5714286 | H191: =G191*Fórmulas!B$9 -> 900 | I191: =E191/Fórmulas!E$7 -> 1.5 | J191: =G191*Fórmulas!B$10 -> 1542.8571 | K191: 1 | L191: =((Fórmulas!C$6/Fórmulas!D$6)/0.7)*K191 -> 2.4489796 | M191: =L191*Fórmulas!D$6 -> 857.14286
A192: VARILLA DE FRENO | B192: DE OWEN 2011, GN 125 | E192: 0.9 | G192: =((Fórmulas!C$7/Fórmulas!D$7)/Fórmulas!E$7)*E192 -> 2.5714286 | H192: =G192*Fórmulas!B$9 -> 900 | I192: =E192/Fórmulas!E$7 -> 1.5 | J192: =G192*Fórmulas!B$10 -> 1542.8571 | K192: 1 | L192: =((Fórmulas!C$6/Fórmulas!D$6)/0.7)*K192 -> 2.4489796 | M192: =L192*Fórmulas!D$6 -> 857.14286
A193: VARILLA DE FRENO | B193: DE CG 150, BERA SOCIALISTA, MD, JAGUAR | E193: 0.9 | G193: =((Fórmulas!C$7/Fórmulas!D$7)/Fórmulas!E$7)*E193 -> 2.5714286 | H193: =G193*Fórmulas!B$9 -> 900 | I193: =E193/Fórmulas!E$7 -> 1.5 | J193: =G193*Fórmulas!B$10 -> 1542.8571 | K193: 1 | L193: =((Fórmulas!C$6/Fórmulas!D$6)/0.7)*K193 -> 2.4489796 | M193: =L193*Fórmulas!D$6 -> 857.14286
E194: 0 | G194: =((Fórmulas!C$7/Fórmulas!D$7)/Fórmulas!E$7)*E194 -> 0 | H194: =G194*Fórmulas!B$9 -> 0 | I194: =E194/Fórmulas!E$7 -> 0 | J194: =G194*Fórmulas!B$10 -> 0 | K194: 1 | L194: =((Fórmulas!C$6/Fórmulas!D$6)/0.7)*K194 -> 2.4489796 | M194: =L194*Fórmulas!D$6 -> 857.14286
E195: 0 | G195: =((Fórmulas!C$7/Fórmulas!D$7)/Fórmulas!E$7)*E195 -> 0 | H195: =G195*Fórmulas!B$9 -> 0 | I195: =E195/Fórmulas!E$7 -> 0 | J195: =G195*Fórmulas!B$10 -> 0 | K195: 1 | L195: =((Fórmulas!C$6/Fórmulas!D$6)/0.7)*K195 -> 2.4489796 | M195: =L195*Fórmulas!D$6 -> 857.14286
E196: 0 | G196: =((Fórmulas!C$7/Fórmulas!D$7)/Fórmulas!E$7)*E196 -> 0 | H196: =G196*Fórmulas!B$9 -> 0 | I196: =E196/Fórmulas!E$7 -> 0 | J196: =G196*Fórmulas!B$10 -> 0 | K196: 1 | L196: =((Fórmulas!C$6/Fórmulas!D$6)/0.7)*K196 -> 2.4489796 | M196: =L196*Fórmulas!D$6 -> 857.14286
E197: 0 | G197: =((Fórmulas!C$7/Fórmulas!D$7)/Fórmulas!E$7)*E197 -> 0 | H197: =G197*Fórmulas!B$9 -> 0 | I197: =E197/Fórmulas!E$7 -> 0 | J197: =G197*Fórmulas!B$10 -> 0 | K197: 1 | L197: =((Fórmulas!C$6/Fórmulas!D$6)/0.7)*K197 -> 2.4489796 | M197: =L197*Fórmulas!D$6 -> 857.14286
E198: 0 | G198: =((Fórmulas!C$7/Fórmulas!D$7)/Fórmulas!E$7)*E198 -> 0 | H198: =G198*Fórmulas!B$9 -> 0 | I198: =E198/Fórmulas!E$7 -> 0 | J198: =G198*Fórmulas!B$10 -> 0 | K198: 1 | L198: =((Fórmulas!C$6/Fórmulas!D$6)/0.7)*K198 -> 2.4489796 | M198: =L198*Fórmulas!D$6 -> 857.14286
E199: 0 | G199: =((Fórmulas!C$7/Fórmulas!D$7)/Fórmulas!E$7)*E199 -> 0 | H199: =G199*Fórmulas!B$9 -> 0 | I199: =E199/Fórmulas!E$7 -> 0 | J199: =G199*Fórmulas!B$10 -> 0 | K199: 1 | L199: =((Fórmulas!C$6/Fórmulas!D$6)/0.7)*K199 -> 2.4489796 | M199: =L199*Fórmulas!D$6 -> 857.14286
A200: GUALLA | B200: DE CROCHE SOLA UNIVERSAL | E200: 0.3 | G200: =((Fórmulas!C$7/Fórmulas!D$7)/Fórmulas!E$7)*E200 -> 0.85714286 | H200: =G200*Fórmulas!B$9 -> 300 | I200: =E200/Fórmulas!E$7 -> 0.5 | J200: =G200*Fórmulas!B$10 -> 514.28571 | K200: 1 | L200: =((Fórmulas!C$6/Fórmulas!D$6)/0.7)*K200 -> 2.4489796 | M200: =L200*Fórmulas!D$6 -> 857.14286
A201: GUALLA | B201: DE ACELERACION UNIVERSAL | E201: 0.3 | G201: =((Fórmulas!C$7/Fórmulas!D$7)/Fórmulas!E$7)*E201 -> 0.85714286 | H201: =G201*Fórmulas!B$9 -> 300 | I201: =E201/Fórmulas!E$7 -> 0.5 | J201: =G201*Fórmulas!B$10 -> 514.28571 | K201: 1 | L201: =((Fórmulas!C$6/Fórmulas!D$6)/0.7)*K201 -> 2.4489796 | M201: =L201*Fórmulas!D$6 -> 857.14286
E202: 0 | G202: =((Fórmulas!C$7/Fórmulas!D$7)/Fórmulas!E$7)*E202 -> 0 | H202: =G202*Fórmulas!B$9 -> 0 | I202: =E202/Fórmulas!E$7 -> 0 | J202: =G202*Fórmulas!B$10 -> 0 | K202: 1 | L202: =((Fórmulas!C$6/Fórmulas!D$6)/0.7)*K202 -> 2.4489796 | M202: =L202*Fórmulas!D$6 -> 857.14286
E203: 0 | G203: =((Fórmulas!C$7/Fórmulas!D$7)/Fórmulas!E$7)*E203 -> 0 | H203: =G203*Fórmulas!B$9 -> 0 | I203: =E203/Fórmulas!E$7 -> 0 | J203: =G203*Fórmulas!B$10 -> 0 | K203: 1 | L203: =((Fórmulas!C$6/Fórmulas!D$6)/0.7)*K203 -> 2.4489796 | M203: =L203*Fórmulas!D$6 -> 857.14286
E204: 0 | G204: =((Fórmulas!C$7/Fórmulas!D$7)/Fórmulas!E$7)*E204 -> 0 | H204: =G204*Fórmulas!B$9 -> 0 | I204: =E204/Fórmulas!E$7 -> 0 | J204: =G204*Fórmulas!B$10 -> 0 | K204: 1 | L204: =((Fórmulas!C$6/Fórmulas!D$6)/0.7)*K204 -> 2.4489796 | M204: =L204*Fórmulas!D$6 -> 857.14286
E205: 0 | G205: =((Fórmulas!C$7/Fórmulas!D$7)/Fórmulas!E$7)*E205 -> 0 | H205: =G205*Fórmulas!B$9 -> 0 | I205: =E205/Fórmulas!E$7 -> 0 | J205: =G205*Fórmulas!B$10 -> 0 | K205: 1 | L205: =((Fórmulas!C$6/Fórmulas!D$6)/0.7)*K205 -> 2.4489796 | M205: =L205*Fórmulas!D$6 -> 857.14286
E206: 0 | G206: =((Fórmulas!C$7/Fórmulas!D$7)/Fórmulas!E$7)*E206 -> 0 | H206: =G206*Fórmulas!B$9 -> 0 | I206: =E206/Fórmulas!E$7 -> 0 | J206: =G206*Fórmulas!B$10 -> 0 | K206: 1 | L206: =((Fórmulas!C$6/Fórmulas!D$6)/0.7)*K206 -> 2.4489796 | M206: =L206*Fórmulas!D$6 -> 857.14286
E207: 0 | G207: =((Fórmulas!C$7/Fórmulas!D$7)/Fórmulas!E$7)*E207 -> 0 | H207: =G207*Fórmulas!B$9 -> 0 | I207: =E207/Fórmulas!E$7 -> 0 | J207: =G207*Fórmulas!B$10 -> 0 | K207: 1 | L207: =((Fórmulas!C$6/Fórmulas!D$6)/0.7)*K207 -> 2.4489796 | M207: =L207*Fórmulas!D$6 -> 857.14286
E208: 0 | G208: =((Fórmulas!C$7/Fórmulas!D$7)/Fórmulas!E$7)*E208 -> 0 | H208: =G208*Fórmulas!B$9 -> 0 | I208: =E208/Fórmulas!E$7 -> 0 | J208: =G208*Fórmulas!B$10 -> 0 | K208: 1 | L208: =((Fórmulas!C$6/Fórmulas!D$6)/0.7)*K208 -> 2.4489796 | M208: =L208*Fórmulas!D$6 -> 857.14286
A209: GOMA | B209: DE PORTACORONA SENCILLA DE HORSE Y BERA (CAUCHO) | E209: 1.2 | G209: =((Fórmulas!C$7/Fórmulas!D$7)/Fórmulas!E$7)*E209 -> 3.4285714 | H209: =G209*Fórmulas!B$9 -> 1200 | I209: =E209/Fórmulas!E$7 -> 2 | J209: =G209*Fórmulas!B$10 -> 2057.1429 | K209: 1 | L209: =((Fórmulas!C$6/Fórmulas!D$6)/0.7)*K209 -> 2.4489796 | M209: =L209*Fórmulas!D$6 -> 857.14286
A210: GOMA | B210: DE PORTACORONA DE HORSE Y BERA REFORZADA (CAUCHO) | E210: 1.8 | G210: =((Fórmulas!C$7/Fórmulas!D$7)/Fórmulas!E$7)*E210 -> 5.1428571 | H210: =G210*Fórmulas!B$9 -> 1800 | I210: =E210/Fórmulas!E$7 -> 3 | J210: =G210*Fórmulas!B$10 -> 3085.7143 | K210: 1 | L210: =((Fórmulas!C$6/Fórmulas!D$6)/0.7)*K210 -> 2.4489796 | M210: =L210*Fórmulas!D$6 -> 857.14286
A211: GOMA | B211: DE PORTACORONA DE HORSE Y BERA REFORZADA (SILICON) | E211: 1.8 | G211: =((Fórmulas!C$7/Fórmulas!D$7)/Fórmulas!E$7)*E211 -> 5.1428571 | H211: =G211*Fórmulas!B$9 -> 1800 | I211: =E211/Fórmulas!E$7 -> 3 | J211: =G211*Fórmulas!B$10 -> 3085.7143 | K211: 1 | L211: =((Fórmulas!C$6/Fórmulas!D$6)/0.7)*K211 -> 2.4489796 | M211: =L211*Fórmulas!D$6 -> 857.14286
A212: GOMA | B212: DE PORTACORONA DE MD (CAUCHO) | E212: 1.2 | G212: =((Fórmulas!C$7/Fórmulas!D$7)/Fórmulas!E$7)*E212 -> 3.4285714 | H212: =G212*Fórmulas!B$9 -> 1200 | I212: =E212/Fórmulas!E$7 -> 2 | J212: =G212*Fórmulas!B$10 -> 2057.1429 | K212: 1 | L212: =((Fórmulas!C$6/Fórmulas!D$6)/0.7)*K212 -> 2.4489796 | M212: =L212*Fórmulas!D$6 -> 857.14286
A213: GOMA | B213: DE PORTACORONA DE TX | E213: 1.8 | G213: =((Fórmulas!C$7/Fórmulas!D$7)/Fórmulas!E$7)*E213 -> 5.1428571 | H213: =G213*Fórmulas!B$9 -> 1800 | I213: =E213/Fórmulas!E$7 -> 3 | J213: =G213*Fórmulas!B$10 -> 3085.7143 | K213: 1 | L213: =((Fórmulas!C$6/Fórmulas!D$6)/0.7)*K213 -> 2.4489796 | M213: =L213*Fórmulas!D$6 -> 857.14286
E214: 0 | G214: =((Fórmulas!C$7/Fórmulas!D$7)/Fórmulas!E$7)*E214 -> 0 | H214: =G214*Fórmulas!B$9 -> 0 | I214: =E214/Fórmulas!E$7 -> 0 | J214: =G214*Fórmulas!B$10 -> 0 | K214: 1 | L214: =((Fórmulas!C$6/Fórmulas!D$6)/0.7)*K214 -> 2.4489796 | M214: =L214*Fórmulas!D$6 -> 857.14286
E215: 0 | G215: =((Fórmulas!C$7/Fórmulas!D$7)/Fórmulas!E$7)*E215 -> 0 | H215: =G215*Fórmulas!B$9 -> 0 | I215: =E215/Fórmulas!E$7 -> 0 | J215: =G215*Fórmulas!B$10 -> 0 | K215: 1 | L215: =((Fórmulas!C$6/Fórmulas!D$6)/0.7)*K215 -> 2.4489796 | M215: =L215*Fórmulas!D$6 -> 857.14286
E216: 0 | G216: =((Fórmulas!C$7/Fórmulas!D$7)/Fórmulas!E$7)*E216 -> 0 | H216: =G216*Fórmulas!B$9 -> 0 | I216: =E216/Fórmulas!E$7 -> 0 | J216: =G216*Fórmulas!B$10 -> 0 | K216: 1 | L216: =((Fórmulas!C$6/Fórmulas!D$6)/0.7)*K216 -> 2.4489796 | M216: =L216*Fórmulas!D$6 -> 857.14286
E217: 0 | G217: =((Fórmulas!C$7/Fórmulas!D$7)/Fórmulas!E$7)*E217 -> 0 | H217: =G217*Fórmulas!B$9 -> 0 | I217: =E217/Fórmulas!E$7 -> 0 | J217: =G217*Fórmulas!B$10 -> 0 | K217: 1 | L217: =((Fórmulas!C$6/Fórmulas!D$6)/0.7)*K217 -> 2.4489796 | M217: =L217*Fórmulas!D$6 -> 857.14286
E218: 0 | G218: =((Fórmulas!C$7/Fórmulas!D$7)/Fórmulas!E$7)*E218 -> 0 | H218: =G218*Fórmulas!B$9 -> 0 | I218: =E218/Fórmulas!E$7 -> 0 | J218: =G218*Fórmulas!B$10 -> 0 | K218: 1 | L218: =((Fórmulas!C$6/Fórmulas!D$6)/0.7)*K218 -> 2.4489796 | M218: =L218*Fórmulas!D$6 -> 857.14286
E219: 0 | G219: =((Fórmulas!C$7/Fórmulas!D$7)/Fórmulas!E$7)*E219 -> 0 | H219: =G219*Fórmulas!B$9 -> 0 | I219: =E219/Fórmulas!E$7 -> 0 | J219: =G219*Fórmulas!B$10 -> 0 | K219: 1 | L219: =((Fórmulas!C$6/Fórmulas!D$6)/0.7)*K219 -> 2.4489796 | M219: =L219*Fórmulas!D$6 -> 857.14286
E220: 0 | G220: =((Fórmulas!C$7/Fórmulas!D$7)/Fórmulas!E$7)*E220 -> 0 | H220: =G220*Fórmulas!B$9 -> 0 | I220: =E220/Fórmulas!E$7 -> 0 | J220: =G220*Fórmulas!B$10 -> 0 | K220: 1 | L220: =((Fórmulas!C$6/Fórmulas!D$6)/0.7)*K220 -> 2.4489796 | M220: =L220*Fórmulas!D$6 -> 857.14286
E221: 0 | G221: =((Fórmulas!C$7/Fórmulas!D$7)/Fórmulas!E$7)*E221 -> 0 | H221: =G221*Fórmulas!B$9 -> 0 | I221: =E221/Fórmulas!E$7 -> 0 | J221: =G221*Fórmulas!B$10 -> 0 | K221: 1 | L221: =((Fórmulas!C$6/Fórmulas!D$6)/0.7)*K221 -> 2.4489796 | M221: =L221*Fórmulas!D$6 -> 857.14286
E222: 0 | G222: =((Fórmulas!C$7/Fórmulas!D$7)/Fórmulas!E$7)*E222 -> 0 | H222: =G222*Fórmulas!B$9 -> 0 | I222: =E222/Fórmulas!E$7 -> 0 | J222: =G222*Fórmulas!B$10 -> 0 | K222: 1 | L222: =((Fórmulas!C$6/Fórmulas!D$6)/0.7)*K222 -> 2.4489796 | M222: =L222*Fórmulas!D$6 -> 857.14286
B223: GENERAL | G223: =((Fórmulas!C$7/Fórmulas!D$7)/Fórmulas!E$7)*E223 -> 0 | H223: =G223*Fórmulas!B$9 -> 0 | I223: =E223/Fórmulas!E$7 -> 0 | J223: =G223*Fórmulas!B$10 -> 0
A224: MARCAMILLA | B224: CUENTA KILOMETRO HORSE | E224: 2.4 | G224: =((Fórmulas!C$7/Fórmulas!D$7)/Fórmulas!E$7)*E224 -> 6.8571429 | H224: =G224*Fórmulas!B$9 -> 2400 | I224: =E224/Fórmulas!E$7 -> 4 | J224: =G224*Fórmulas!B$10 -> 4114.2857 | K224: 1 | L224: =((Fórmulas!C$6/Fórmulas!D$6)/0.7)*K224 -> 2.4489796 | M224: =L224*Fórmulas!D$6 -> 857.14286
A225: MARCAMILLA | B225: CUENTA KILOMETRO BERA | E225: 2.4 | G225: =((Fórmulas!C$7/Fórmulas!D$7)/Fórmulas!E$7)*E225 -> 6.8571429 | H225: =G225*Fórmulas!B$9 -> 2400 | I225: =E225/Fórmulas!E$7 -> 4 | J225: =G225*Fórmulas!B$10 -> 4114.2857 | K225: 1 | L225: =((Fórmulas!C$6/Fórmulas!D$6)/0.7)*K225 -> 2.4489796 | M225: =L225*Fórmulas!D$6 -> 857.14286
A226: MARCAMILLA | B226: CUENTA KILOMETRO PALETA MD, EXPRESS | E226: 2.4 | G226: =((Fórmulas!C$7/Fórmulas!D$7)/Fórmulas!E$7)*E226 -> 6.8571429 | H226: =G226*Fórmulas!B$9 -> 2400 | I226: =E226/Fórmulas!E$7 -> 4 | J226: =G226*Fórmulas!B$10 -> 4114.2857 | K226: 1 | L226: =((Fórmulas!C$6/Fórmulas!D$6)/0.7)*K226 -> 2.4489796 | M226: =L226*Fórmulas!D$6 -> 857.14286
A227: MARCAMILLA | B227: CUENTA KILOMETRO OWEN | E227: 2.4 | G227: =((Fórmulas!C$7/Fórmulas!D$7)/Fórmulas!E$7)*E227 -> 6.8571429 | H227: =G227*Fórmulas!B$9 -> 2400 | I227: =E227/Fórmulas!E$7 -> 4 | J227: =G227*Fórmulas!B$10 -> 4114.2857 | K227: 1 | L227: =((Fórmulas!C$6/Fórmulas!D$6)/0.7)*K227 -> 2.4489796 | M227: =L227*Fórmulas!D$6 -> 857.14286
E228: 0 | G228: =((Fórmulas!C$7/Fórmulas!D$7)/Fórmulas!E$7)*E228 -> 0 | H228: =G228*Fórmulas!B$9 -> 0 | I228: =E228/Fórmulas!E$7 -> 0 | J228: =G228*Fórmulas!B$10 -> 0 | K228: 1 | L228: =((Fórmulas!C$6/Fórmulas!D$6)/0.7)*K228 -> 2.4489796 | M228: =L228*Fórmulas!D$6 -> 857.14286
A229: ESTOPERA | B229: GN125 BASTON 32 44 10.5 | E229: 1.2 | G229: =((Fórmulas!C$7/Fórmulas!D$7)/Fórmulas!E$7)*E229 -> 3.4285714 | H229: =G229*Fórmulas!B$9 -> 1200 | I229: =E229/Fórmulas!E$7 -> 2 | J229: =G229*Fórmulas!B$10 -> 2057.1429 | K229: 1 | L229: =((Fórmulas!C$6/Fórmulas!D$6)/0.7)*K229 -> 2.4489796 | M229: =L229*Fórmulas!D$6 -> 857.14286
A230: ESTOPERA | B230: DR 650 XT 600 BASTON 41 64 11 MARCA AUTOASIA | E230: 3.6 | G230: =((Fórmulas!C$7/Fórmulas!D$7)/Fórmulas!E$7)*E230 -> 10.285714 | H230: =G230*Fórmulas!B$9 -> 3600 | I230: =E230/Fórmulas!E$7 -> 6 | J230: =G230*Fórmulas!B$10 -> 6171.4286 | K230: 1 | L230: =((Fórmulas!C$6/Fórmulas!D$6)/0.7)*K230 -> 2.4489796 | M230: =L230*Fórmulas!D$6 -> 857.14286
...

Sheet BICICLETA
E4: UNIDAD | K4: LOTE
B5: CARACTERISTICAS | E5: COSTO $ | F5: INCREMENTO COSTO | G5: VENTA $ | H5: VENTA BS | I5: VENTA USDT | J5: VENTA BS(USDT) | K5: COSTO $ | L5: VENTA $ | M5: VENTA BS
B6: BAJO COSTO
A7: GUALLA | B7: DE FRENO CON FORRO COLORES VARIOS | E7: 0.9 | G7: =((Fórmulas!C$7/Fórmulas!D$7)/Fórmulas!E$7)*E7 -> 2.5714286 | H7: =G7*Fórmulas!B$9 -> 900 | I7: =E7/Fórmulas!E$7 -> 1.5 | J7: =G7*Fórmulas!B$10 -> 1542.8571 | K7: 1 | L7: =((Fórmulas!C$6/Fórmulas!D$6)/0.7)*K7 -> 2.4489796 | M7: =L7*Fórmulas!D$6 -> 857.14286
A8: GUALLA | B8: DE FRENO SIN FORRO | E8: 0.3 | G8: =((Fórmulas!C$7/Fórmulas!D$7)/Fórmulas!E$7)*E8 -> 0.85714286 | H8: =G8*Fórmulas!B$9 -> 300 | I8: =E8/Fórmulas!E$7 -> 0.5 | J8: =G8*Fórmulas!B$10 -> 514.28571 | K8: 1 | L8: =((Fórmulas!C$6/Fórmulas!D$6)/0.7)*K8 -> 2.4489796 | M8: =L8*Fórmulas!D$6 -> 857.14286
A9: GUALLA | B9: DE CAMBIO SIN FORRO | E9: 0.3 | G9: =((Fórmulas!C$7/Fórmulas!D$7)/Fórmulas!E$7)*E9 -> 0.85714286 | H9: =G9*Fórmulas!B$9 -> 300 | I9: =E9/Fórmulas!E$7 -> 0.5 | J9: =G9*Fórmulas!B$10 -> 514.28571 | K9: 1 | L9: =((Fórmulas!C$6/Fórmulas!D$6)/0.7)*K9 -> 2.4489796 | M9: =L9*Fórmulas!D$6 -> 857.14286
G10: =((Fórmulas!C$7/Fórmulas!D$7)/Fórmulas!E$7)*E10 -> 0 | H10: =G10*Fórmulas!B$9 -> 0 | I10: =E10/Fórmulas!E$7 -> 0 | J10: =G10*Fórmulas!B$10 -> 0 | K10: 1 | L10: =((Fórmulas!C$6/Fórmulas!D$6)/0.7)*K10 -> 2.4489796 | M10: =L10*Fórmulas!D$6 -> 857.14286
G11: =((Fórmulas!C$7/Fórmulas!D$7)/Fórmulas!E$7)*E11 -> 0 | H11: =G11*Fórmulas!B$9 -> 0 | I11: =E11/Fórmulas!E$7 -> 0 | J11: =G11*Fórmulas!B$10 -> 0 | K11: 1 | L11: =((Fórmulas!C$6/Fórmulas!D$6)/0.7)*K11 -> 2.4489796 | M11: =L11*Fórmulas!D$6 -> 857.14286
G12: =((Fórmulas!C$7/Fórmulas!D$7)/Fórmulas!E$7)*E12 -> 0 | H12: =G12*Fórmulas!B$9 -> 0 | I12: =E12/Fórmulas!E$7 -> 0 | J12: =G12*Fórmulas!B$10 -> 0 | K12: 1 | L12: =((Fórmulas!C$6/Fórmulas!D$6)/0.7)*K12 -> 2.4489796 | M12: =L12*Fórmulas!D$6 -> 857.14286
G13: =((Fórmulas!C$7/Fórmulas!D$7)/Fórmulas!E$7)*E13 -> 0 | H13: =G13*Fórmulas!B$9 -> 0 | I13: =E13/Fórmulas!E$7 -> 0 | J13: =G13*Fórmulas!B$10 -> 0 | K13: 1 | L13: =((Fórmulas!C$6/Fórmulas!D$6)/0.7)*K13 -> 2.4489796 | M13: =L13*Fórmulas!D$6 -> 857.14286
G14: =((Fórmulas!C$7/Fórmulas!D$7)/Fórmulas!E$7)*E14 -> 0 | H14: =G14*Fórmulas!B$9 -> 0 | I14: =E14/Fórmulas!E$7 -> 0 | J14: =G14*Fórmulas!B$10 -> 0 | K14: 1 | L14: =((Fórmulas!C$6/Fórmulas!D$6)/0.7)*K14 -> 2.4489796 | M14: =L14*Fórmulas!D$6 -> 857.14286
G15: =((Fórmulas!C$7/Fórmulas!D$7)/Fórmulas!E$7)*E15 -> 0 | H15: =G15*Fórmulas!B$9 -> 0 | I15: =E15/Fórmulas!E$7 -> 0 | J15: =G15*Fórmulas!B$10 -> 0 | K15: 1 | L15: =((Fórmulas!C$6/Fórmulas!D$6)/0.7)*K15 -> 2.4489796 | M15: =L15*Fórmulas!D$6 -> 857.14286
G16: =((Fórmulas!C$7/Fórmulas!D$7)/Fórmulas!E$7)*E16 -> 0 | H16: =G16*Fórmulas!B$9 -> 0 | I16: =E16/Fórmulas!E$7 -> 0 | J16: =G16*Fórmulas!B$10 -> 0 | K16: 1 | L16: =((Fórmulas!C$6/Fórmulas!D$6)/0.7)*K16 -> 2.4489796 | M16: =L16*Fórmulas!D$6 -> 857.14286
G17: =((Fórmulas!C$7/Fórmulas!D$7)/Fórmulas!E$7)*E17 -> 0 | H17: =G17*Fórmulas!B$9 -> 0 | I17: =E17/Fórmulas!E$7 -> 0 | J17: =G17*Fórmulas!B$10 -> 0 | K17: 1 | L17: =((Fórmulas!C$6/Fórmulas!D$6)/0.7)*K17 -> 2.4489796 | M17: =L17*Fórmulas!D$6 -> 857.14286
G18: =((Fórmulas!C$7/Fórmulas!D$7)/Fórmulas!E$7)*E18 -> 0 | H18: =G18*Fórmulas!B$9 -> 0 | I18: =E18/Fórmulas!E$7 -> 0 | J18: =G18*Fórmulas!B$10 -> 0 | K18: 1 | L18: =((Fórmulas!C$6/Fórmulas!D$6)/0.7)*K18 -> 2.4489796 | M18: =L18*Fórmulas!D$6 -> 857.14286
G19: =((Fórmulas!C$7/Fórmulas!D$7)/Fórmulas!E$7)*E19 -> 0 | H19: =G19*Fórmulas!B$9 -> 0 | I19: =E19/Fórmulas!E$7 -> 0 | J19: =G19*Fórmulas!B$10 -> 0 | K19: 1 | L19: =((Fórmulas!C$6/Fórmulas!D$6)/0.7)*K19 -> 2.4489796 | M19: =L19*Fórmulas!D$6 -> 857.14286
G20: =((Fórmulas!C$7/Fórmulas!D$7)/Fórmulas!E$7)*E20 -> 0 | H20: =G20*Fórmulas!B$9 -> 0 | I20: =E20/Fórmulas!E$7 -> 0 | J20: =G20*Fórmulas!B$10 -> 0 | K20: 1 | L20: =((Fórmulas!C$6/Fórmulas!D$6)/0.7)*K20 -> 2.4489796 | M20: =L20*Fórmulas!D$6 -> 857.14286
G21: =((Fórmulas!C$7/Fórmulas!D$7)/Fórmulas!E$7)*E21 -> 0 | H21: =G21*Fórmulas!B$9 -> 0 | I21: =E21/Fórmulas!E$7 -> 0 | J21: =G21*Fórmulas!B$10 -> 0 | K21: 1 | L21: =((Fórmulas!C$6/Fórmulas!D$6)/0.7)*K21 -> 2.4489796 | M21: =L21*Fórmulas!D$6 -> 857.14286
... G129: =((Fórmulas!C$7/Fórmulas!D$7)/Fórmulas!E$7)*E129 -> 0 | H129: =G129*Fórmulas!B$9 -> 0 | I129: =E129/Fórmulas!E$7 -> 0 | J129: =G129*Fórmulas!B$10 -> 0 | K129: 1 | L129: =((Fórmulas!C$6/Fórmulas!D$6)/0.7)*K129 -> 2.4489796 | M129: =L129*Fórmulas!D$6 -> 857.14286

Sheet Fórmulas
B5: PRECIO BASE | C5: TASA BINANCE | D5: TASA BCV | F5: COSTO USDT
A6: GENERAL | B6: 49 | C6: 600 | D6: 350 | E6: 0.7 | F6: =((C6/D6)/E6)*B6 -> 120 | G6: =D6*F6 -> 42000
A7: BAJO COSTO | B7: 1 | C7: 600 | D7: 350 | E7: 0.6 | F7: =((C7/D7)/E7)*B7 -> 2.8571429 | G7: =D7*F7 -> 1000
A8: SECUNDARIOS | B8: 10 | C8: 600 | D8: 350 | E8: 0.8 | F8: =((C8/D8)/E8)*B8 -> 21.428571 | G8: =F8*1.7*D8 -> 12750
A9: TASA ACTUAL BCV | B9: 350
A10: TASA ACTUAL USDT | B10: 600
A11: PORCENTAJE EXTRA | B11: 0.1
